sweep,label,rep,tool,size,iters,mtu,outs,qps,cq_mod,client_numa,server_numa,avg_us,p99_us,p999_us,stdev_us,bw_peak_gbps,bw_avg_gbps,msg_rate_mpps,reported_mtu,reported_outs,reported_qps,reported_cq_mod,cn_host,mn_host,mn_ip,device,gid_index,port,notes
payload_latency,64B,1,ib_read_lat,64,5000,4096,16,1,1,1,1,4.20,4.37,16.72,0.57,,,,4096,16,1,,skv-node6,skv-node4,10.0.0.64,mlx5_1,3,19501,fixed one read/op; payload sweep
payload_latency,128B,1,ib_read_lat,128,5000,4096,16,1,1,1,1,4.28,4.57,17.57,0.55,,,,4096,16,1,,skv-node6,skv-node4,10.0.0.64,mlx5_1,3,19502,fixed one read/op; payload sweep
payload_latency,256B,1,ib_read_lat,256,5000,4096,16,1,1,1,1,4.38,4.67,13.57,0.42,,,,4096,16,1,,skv-node6,skv-node4,10.0.0.64,mlx5_1,3,19503,fixed one read/op; payload sweep
payload_latency,512B,1,ib_read_lat,512,5000,4096,16,1,1,1,1,4.49,4.75,16.79,0.48,,,,4096,16,1,,skv-node6,skv-node4,10.0.0.64,mlx5_1,3,19504,fixed one read/op; payload sweep
payload_latency,1024B,1,ib_read_lat,1024,5000,4096,16,1,1,1,1,4.59,4.88,14.16,0.39,,,,4096,16,1,,skv-node6,skv-node4,10.0.0.64,mlx5_1,3,19505,fixed one read/op; payload sweep
payload_latency,2048B,1,ib_read_lat,2048,5000,4096,16,1,1,1,1,4.91,5.20,13.56,0.42,,,,4096,16,1,,skv-node6,skv-node4,10.0.0.64,mlx5_1,3,19506,fixed one read/op; payload sweep
payload_latency,4096B,1,ib_read_lat,4096,5000,4096,16,1,1,1,1,5.53,5.78,18.29,0.51,,,,4096,16,1,,skv-node6,skv-node4,10.0.0.64,mlx5_1,3,19507,fixed one read/op; payload sweep
payload_latency,8192B,1,ib_read_lat,8192,5000,4096,16,1,1,1,1,6.15,6.44,18.35,0.62,,,,4096,16,1,,skv-node6,skv-node4,10.0.0.64,mlx5_1,3,19508,fixed one read/op; payload sweep
payload_latency,16384B,1,ib_read_lat,16384,5000,4096,16,1,1,1,1,7.54,7.73,17.25,0.43,,,,4096,16,1,,skv-node6,skv-node4,10.0.0.64,mlx5_1,3,19509,fixed one read/op; payload sweep
mtu_latency,MTU 1024,1,ib_read_lat,256,5000,1024,16,1,1,1,1,4.30,4.34,18.55,0.57,,,,1024,16,1,,skv-node6,skv-node4,10.0.0.64,mlx5_1,3,19510,fixed 256B read; MTU sweep
mtu_latency,MTU 2048,1,ib_read_lat,256,5000,2048,16,1,1,1,1,4.37,4.47,17.03,0.52,,,,2048,16,1,,skv-node6,skv-node4,10.0.0.64,mlx5_1,3,19511,fixed 256B read; MTU sweep
mtu_latency,MTU 4096,1,ib_read_lat,256,5000,4096,16,1,1,1,1,4.40,4.71,16.24,0.55,,,,4096,16,1,,skv-node6,skv-node4,10.0.0.64,mlx5_1,3,19512,fixed 256B read; MTU sweep
numa_latency,preferred 0,1,ib_read_lat,256,5000,4096,16,1,1,0,0,4.36,4.61,15.74,0.48,,,,4096,16,1,,skv-node6,skv-node4,10.0.0.64,mlx5_1,3,19513,same preferred NUMA node on CN and MN
numa_latency,preferred 1,1,ib_read_lat,256,5000,4096,16,1,1,1,1,4.39,4.68,17.06,0.54,,,,4096,16,1,,skv-node6,skv-node4,10.0.0.64,mlx5_1,3,19514,same preferred NUMA node on CN and MN
outs_msg_rate,outs 1,1,ib_read_bw,256,50000,4096,1,1,1,1,1,,,,,0.00,0.54,0.262461,4096,1,1,1,skv-node6,skv-node4,10.0.0.64,mlx5_1,3,19515,fixed one QP; outstanding read sweep
outs_msg_rate,outs 4,1,ib_read_bw,256,50000,4096,4,1,1,1,1,,,,,0.00,2.16,1.054697,4096,4,1,1,skv-node6,skv-node4,10.0.0.64,mlx5_1,3,19516,fixed one QP; outstanding read sweep
outs_msg_rate,outs 16,1,ib_read_bw,256,50000,4096,16,1,1,1,1,,,,,0.00,7.82,3.820266,4096,16,1,1,skv-node6,skv-node4,10.0.0.64,mlx5_1,3,19517,fixed one QP; outstanding read sweep
qp_cq_msg_rate,1QP CQ1,1,ib_read_bw,256,50000,4096,16,1,1,1,1,,,,,0.00,7.54,3.683545,4096,16,1,1,skv-node6,skv-node4,10.0.0.64,mlx5_1,3,19518,fixed 256B read; QP/CQ-moderation sweep
qp_cq_msg_rate,1QP CQ16,1,ib_read_bw,256,50000,4096,16,1,16,1,1,,,,,0.00,8.08,3.947493,4096,16,1,16,skv-node6,skv-node4,10.0.0.64,mlx5_1,3,19519,fixed 256B read; QP/CQ-moderation sweep
qp_cq_msg_rate,2QP CQ1,1,ib_read_bw,256,50000,4096,16,2,1,1,1,,,,,0.00,13.89,6.781379,4096,16,2,1,skv-node6,skv-node4,10.0.0.64,mlx5_1,3,19520,fixed 256B read; QP/CQ-moderation sweep
qp_cq_msg_rate,2QP CQ16,1,ib_read_bw,256,50000,4096,16,2,16,1,1,,,,,0.00,15.45,7.542194,4096,16,2,16,skv-node6,skv-node4,10.0.0.64,mlx5_1,3,19521,fixed 256B read; QP/CQ-moderation sweep
qp_cq_msg_rate,4QP CQ1,1,ib_read_bw,256,50000,4096,16,4,1,1,1,,,,,0.00,13.15,6.422573,4096,16,4,1,skv-node6,skv-node4,10.0.0.64,mlx5_1,3,19522,fixed 256B read; QP/CQ-moderation sweep
qp_cq_msg_rate,4QP CQ16,1,ib_read_bw,256,50000,4096,16,4,16,1,1,,,,,0.00,14.62,7.136852,4096,16,4,16,skv-node6,skv-node4,10.0.0.64,mlx5_1,3,19523,fixed 256B read; QP/CQ-moderation sweep
qp_cq_msg_rate,8QP CQ1,1,ib_read_bw,256,50000,4096,16,8,1,1,1,,,,,0.00,12.91,6.304417,4096,16,8,1,skv-node6,skv-node4,10.0.0.64,mlx5_1,3,19524,fixed 256B read; QP/CQ-moderation sweep
qp_cq_msg_rate,8QP CQ16,1,ib_read_bw,256,50000,4096,16,8,16,1,1,,,,,0.00,14.91,7.279854,4096,16,8,16,skv-node6,skv-node4,10.0.0.64,mlx5_1,3,19525,fixed 256B read; QP/CQ-moderation sweep
payload_latency,64B,2,ib_read_lat,64,5000,4096,16,1,1,1,1,4.17,4.21,14.38,0.47,,,,4096,16,1,,skv-node6,skv-node4,10.0.0.64,mlx5_1,3,19526,fixed one read/op; payload sweep
payload_latency,128B,2,ib_read_lat,128,5000,4096,16,1,1,1,1,4.23,4.28,17.01,0.49,,,,4096,16,1,,skv-node6,skv-node4,10.0.0.64,mlx5_1,3,19527,fixed one read/op; payload sweep
payload_latency,256B,2,ib_read_lat,256,5000,4096,16,1,1,1,1,4.29,4.51,14.76,0.45,,,,4096,16,1,,skv-node6,skv-node4,10.0.0.64,mlx5_1,3,19528,fixed one read/op; payload sweep
payload_latency,512B,2,ib_read_lat,512,5000,4096,16,1,1,1,1,4.36,4.55,16.88,0.47,,,,4096,16,1,,skv-node6,skv-node4,10.0.0.64,mlx5_1,3,19529,fixed one read/op; payload sweep
payload_latency,1024B,2,ib_read_lat,1024,5000,4096,16,1,1,1,1,4.46,4.51,16.57,0.52,,,,4096,16,1,,skv-node6,skv-node4,10.0.0.64,mlx5_1,3,19530,fixed one read/op; payload sweep
payload_latency,2048B,2,ib_read_lat,2048,5000,4096,16,1,1,1,1,4.99,5.22,18.09,0.62,,,,4096,16,1,,skv-node6,skv-node4,10.0.0.64,mlx5_1,3,19531,fixed one read/op; payload sweep
payload_latency,4096B,2,ib_read_lat,4096,5000,4096,16,1,1,1,1,5.56,5.77,17.50,0.55,,,,4096,16,1,,skv-node6,skv-node4,10.0.0.64,mlx5_1,3,19532,fixed one read/op; payload sweep
payload_latency,8192B,2,ib_read_lat,8192,5000,4096,16,1,1,1,1,6.18,6.45,16.56,0.45,,,,4096,16,1,,skv-node6,skv-node4,10.0.0.64,mlx5_1,3,19533,fixed one read/op; payload sweep
payload_latency,16384B,2,ib_read_lat,16384,5000,4096,16,1,1,1,1,7.67,7.95,19.77,0.63,,,,4096,16,1,,skv-node6,skv-node4,10.0.0.64,mlx5_1,3,19534,fixed one read/op; payload sweep
mtu_latency,MTU 1024,2,ib_read_lat,256,5000,1024,16,1,1,1,1,4.39,4.66,16.56,0.59,,,,1024,16,1,,skv-node6,skv-node4,10.0.0.64,mlx5_1,3,19535,fixed 256B read; MTU sweep
mtu_latency,MTU 2048,2,ib_read_lat,256,5000,2048,16,1,1,1,1,4.37,4.46,17.44,0.50,,,,2048,16,1,,skv-node6,skv-node4,10.0.0.64,mlx5_1,3,19536,fixed 256B read; MTU sweep
mtu_latency,MTU 4096,2,ib_read_lat,256,5000,4096,16,1,1,1,1,4.38,4.64,16.70,0.52,,,,4096,16,1,,skv-node6,skv-node4,10.0.0.64,mlx5_1,3,19537,fixed 256B read; MTU sweep
numa_latency,preferred 0,2,ib_read_lat,256,5000,4096,16,1,1,0,0,4.37,4.62,17.45,0.49,,,,4096,16,1,,skv-node6,skv-node4,10.0.0.64,mlx5_1,3,19538,same preferred NUMA node on CN and MN
numa_latency,preferred 1,2,ib_read_lat,256,5000,4096,16,1,1,1,1,4.31,4.60,16.61,0.49,,,,4096,16,1,,skv-node6,skv-node4,10.0.0.64,mlx5_1,3,19539,same preferred NUMA node on CN and MN
outs_msg_rate,outs 1,2,ib_read_bw,256,50000,4096,1,1,1,1,1,,,,,0.00,0.54,0.263397,4096,1,1,1,skv-node6,skv-node4,10.0.0.64,mlx5_1,3,19540,fixed one QP; outstanding read sweep
outs_msg_rate,outs 4,2,ib_read_bw,256,50000,4096,4,1,1,1,1,,,,,0.00,2.16,1.053519,4096,4,1,1,skv-node6,skv-node4,10.0.0.64,mlx5_1,3,19541,fixed one QP; outstanding read sweep
outs_msg_rate,outs 16,2,ib_read_bw,256,50000,4096,16,1,1,1,1,,,,,0.00,7.90,3.858642,4096,16,1,1,skv-node6,skv-node4,10.0.0.64,mlx5_1,3,19542,fixed one QP; outstanding read sweep
qp_cq_msg_rate,1QP CQ1,2,ib_read_bw,256,50000,4096,16,1,1,1,1,,,,,0.00,7.85,3.832386,4096,16,1,1,skv-node6,skv-node4,10.0.0.64,mlx5_1,3,19543,fixed 256B read; QP/CQ-moderation sweep
qp_cq_msg_rate,1QP CQ16,2,ib_read_bw,256,50000,4096,16,1,16,1,1,,,,,0.00,8.11,3.959982,4096,16,1,16,skv-node6,skv-node4,10.0.0.64,mlx5_1,3,19544,fixed 256B read; QP/CQ-moderation sweep
qp_cq_msg_rate,2QP CQ1,2,ib_read_bw,256,50000,4096,16,2,1,1,1,,,,,0.00,13.27,6.477310,4096,16,2,1,skv-node6,skv-node4,10.0.0.64,mlx5_1,3,19545,fixed 256B read; QP/CQ-moderation sweep
qp_cq_msg_rate,2QP CQ16,2,ib_read_bw,256,50000,4096,16,2,16,1,1,,,,,0.00,14.79,7.220140,4096,16,2,16,skv-node6,skv-node4,10.0.0.64,mlx5_1,3,19546,fixed 256B read; QP/CQ-moderation sweep
qp_cq_msg_rate,4QP CQ1,2,ib_read_bw,256,50000,4096,16,4,1,1,1,,,,,0.00,13.29,6.488030,4096,16,4,1,skv-node6,skv-node4,10.0.0.64,mlx5_1,3,19547,fixed 256B read; QP/CQ-moderation sweep
qp_cq_msg_rate,4QP CQ16,2,ib_read_bw,256,50000,4096,16,4,16,1,1,,,,,0.00,14.64,7.146047,4096,16,4,16,skv-node6,skv-node4,10.0.0.64,mlx5_1,3,19548,fixed 256B read; QP/CQ-moderation sweep
qp_cq_msg_rate,8QP CQ1,2,ib_read_bw,256,50000,4096,16,8,1,1,1,,,,,0.00,12.84,6.268211,4096,16,8,1,skv-node6,skv-node4,10.0.0.64,mlx5_1,3,19549,fixed 256B read; QP/CQ-moderation sweep
qp_cq_msg_rate,8QP CQ16,2,ib_read_bw,256,50000,4096,16,8,16,1,1,,,,,0.00,14.85,7.250384,4096,16,8,16,skv-node6,skv-node4,10.0.0.64,mlx5_1,3,19550,fixed 256B read; QP/CQ-moderation sweep
payload_latency,64B,3,ib_read_lat,64,5000,4096,16,1,1,1,1,4.23,4.38,13.76,0.49,,,,4096,16,1,,skv-node6,skv-node4,10.0.0.64,mlx5_1,3,19551,fixed one read/op; payload sweep
payload_latency,128B,3,ib_read_lat,128,5000,4096,16,1,1,1,1,4.32,4.60,16.58,0.52,,,,4096,16,1,,skv-node6,skv-node4,10.0.0.64,mlx5_1,3,19552,fixed one read/op; payload sweep
payload_latency,256B,3,ib_read_lat,256,5000,4096,16,1,1,1,1,4.38,4.64,16.11,0.51,,,,4096,16,1,,skv-node6,skv-node4,10.0.0.64,mlx5_1,3,19553,fixed one read/op; payload sweep
payload_latency,512B,3,ib_read_lat,512,5000,4096,16,1,1,1,1,4.48,4.72,14.74,0.41,,,,4096,16,1,,skv-node6,skv-node4,10.0.0.64,mlx5_1,3,19554,fixed one read/op; payload sweep
payload_latency,1024B,3,ib_read_lat,1024,5000,4096,16,1,1,1,1,4.59,4.90,12.61,0.35,,,,4096,16,1,,skv-node6,skv-node4,10.0.0.64,mlx5_1,3,19555,fixed one read/op; payload sweep
payload_latency,2048B,3,ib_read_lat,2048,5000,4096,16,1,1,1,1,4.98,5.25,16.72,0.54,,,,4096,16,1,,skv-node6,skv-node4,10.0.0.64,mlx5_1,3,19556,fixed one read/op; payload sweep
payload_latency,4096B,3,ib_read_lat,4096,5000,4096,16,1,1,1,1,5.58,5.75,18.77,0.62,,,,4096,16,1,,skv-node6,skv-node4,10.0.0.64,mlx5_1,3,19557,fixed one read/op; payload sweep
payload_latency,8192B,3,ib_read_lat,8192,5000,4096,16,1,1,1,1,6.24,6.49,17.88,0.56,,,,4096,16,1,,skv-node6,skv-node4,10.0.0.64,mlx5_1,3,19558,fixed one read/op; payload sweep
payload_latency,16384B,3,ib_read_lat,16384,5000,4096,16,1,1,1,1,7.69,7.94,21.60,0.74,,,,4096,16,1,,skv-node6,skv-node4,10.0.0.64,mlx5_1,3,19559,fixed one read/op; payload sweep
mtu_latency,MTU 1024,3,ib_read_lat,256,5000,1024,16,1,1,1,1,4.30,4.36,14.52,0.43,,,,1024,16,1,,skv-node6,skv-node4,10.0.0.64,mlx5_1,3,19560,fixed 256B read; MTU sweep
mtu_latency,MTU 2048,3,ib_read_lat,256,5000,2048,16,1,1,1,1,4.36,4.46,15.93,0.47,,,,2048,16,1,,skv-node6,skv-node4,10.0.0.64,mlx5_1,3,19561,fixed 256B read; MTU sweep
mtu_latency,MTU 4096,3,ib_read_lat,256,5000,4096,16,1,1,1,1,4.30,4.58,16.70,0.47,,,,4096,16,1,,skv-node6,skv-node4,10.0.0.64,mlx5_1,3,19562,fixed 256B read; MTU sweep
numa_latency,preferred 0,3,ib_read_lat,256,5000,4096,16,1,1,0,0,4.37,4.55,17.38,0.53,,,,4096,16,1,,skv-node6,skv-node4,10.0.0.64,mlx5_1,3,19563,same preferred NUMA node on CN and MN
numa_latency,preferred 1,3,ib_read_lat,256,5000,4096,16,1,1,1,1,4.37,4.53,17.47,0.49,,,,4096,16,1,,skv-node6,skv-node4,10.0.0.64,mlx5_1,3,19564,same preferred NUMA node on CN and MN
outs_msg_rate,outs 1,3,ib_read_bw,256,50000,4096,1,1,1,1,1,,,,,0.00,0.54,0.262787,4096,1,1,1,skv-node6,skv-node4,10.0.0.64,mlx5_1,3,19565,fixed one QP; outstanding read sweep
outs_msg_rate,outs 4,3,ib_read_bw,256,50000,4096,4,1,1,1,1,,,,,0.00,2.16,1.053907,4096,4,1,1,skv-node6,skv-node4,10.0.0.64,mlx5_1,3,19566,fixed one QP; outstanding read sweep
outs_msg_rate,outs 16,3,ib_read_bw,256,50000,4096,16,1,1,1,1,,,,,0.00,8.09,3.951190,4096,16,1,1,skv-node6,skv-node4,10.0.0.64,mlx5_1,3,19567,fixed one QP; outstanding read sweep
qp_cq_msg_rate,1QP CQ1,3,ib_read_bw,256,50000,4096,16,1,1,1,1,,,,,0.00,7.93,3.871433,4096,16,1,1,skv-node6,skv-node4,10.0.0.64,mlx5_1,3,19568,fixed 256B read; QP/CQ-moderation sweep
qp_cq_msg_rate,1QP CQ16,3,ib_read_bw,256,50000,4096,16,1,16,1,1,,,,,0.00,8.06,3.936121,4096,16,1,16,skv-node6,skv-node4,10.0.0.64,mlx5_1,3,19569,fixed 256B read; QP/CQ-moderation sweep
qp_cq_msg_rate,2QP CQ1,3,ib_read_bw,256,50000,4096,16,2,1,1,1,,,,,0.00,13.91,6.792141,4096,16,2,1,skv-node6,skv-node4,10.0.0.64,mlx5_1,3,19570,fixed 256B read; QP/CQ-moderation sweep
qp_cq_msg_rate,2QP CQ16,3,ib_read_bw,256,50000,4096,16,2,16,1,1,,,,,0.00,14.32,6.993052,4096,16,2,16,skv-node6,skv-node4,10.0.0.64,mlx5_1,3,19571,fixed 256B read; QP/CQ-moderation sweep
qp_cq_msg_rate,4QP CQ1,3,ib_read_bw,256,50000,4096,16,4,1,1,1,,,,,0.00,13.11,6.401492,4096,16,4,1,skv-node6,skv-node4,10.0.0.64,mlx5_1,3,19572,fixed 256B read; QP/CQ-moderation sweep
qp_cq_msg_rate,4QP CQ16,3,ib_read_bw,256,50000,4096,16,4,16,1,1,,,,,0.00,14.58,7.116809,4096,16,4,16,skv-node6,skv-node4,10.0.0.64,mlx5_1,3,19573,fixed 256B read; QP/CQ-moderation sweep
qp_cq_msg_rate,8QP CQ1,3,ib_read_bw,256,50000,4096,16,8,1,1,1,,,,,0.00,12.52,6.114983,4096,16,8,1,skv-node6,skv-node4,10.0.0.64,mlx5_1,3,19574,fixed 256B read; QP/CQ-moderation sweep
qp_cq_msg_rate,8QP CQ16,3,ib_read_bw,256,50000,4096,16,8,16,1,1,,,,,0.00,14.40,7.030320,4096,16,8,16,skv-node6,skv-node4,10.0.0.64,mlx5_1,3,19575,fixed 256B read; QP/CQ-moderation sweep
payload_latency,64B,4,ib_read_lat,64,5000,4096,16,1,1,1,1,4.24,4.54,12.86,0.41,,,,4096,16,1,,skv-node6,skv-node4,10.0.0.64,mlx5_1,3,19576,fixed one read/op; payload sweep
payload_latency,128B,4,ib_read_lat,128,5000,4096,16,1,1,1,1,4.32,4.62,17.74,0.57,,,,4096,16,1,,skv-node6,skv-node4,10.0.0.64,mlx5_1,3,19577,fixed one read/op; payload sweep
payload_latency,256B,4,ib_read_lat,256,5000,4096,16,1,1,1,1,4.36,4.46,11.62,0.34,,,,4096,16,1,,skv-node6,skv-node4,10.0.0.64,mlx5_1,3,19578,fixed one read/op; payload sweep
payload_latency,512B,4,ib_read_lat,512,5000,4096,16,1,1,1,1,4.48,4.77,15.78,0.46,,,,4096,16,1,,skv-node6,skv-node4,10.0.0.64,mlx5_1,3,19579,fixed one read/op; payload sweep
payload_latency,1024B,4,ib_read_lat,1024,5000,4096,16,1,1,1,1,4.59,4.85,17.02,0.57,,,,4096,16,1,,skv-node6,skv-node4,10.0.0.64,mlx5_1,3,19580,fixed one read/op; payload sweep
payload_latency,2048B,4,ib_read_lat,2048,5000,4096,16,1,1,1,1,4.95,5.20,19.00,0.63,,,,4096,16,1,,skv-node6,skv-node4,10.0.0.64,mlx5_1,3,19581,fixed one read/op; payload sweep
payload_latency,4096B,4,ib_read_lat,4096,5000,4096,16,1,1,1,1,5.56,5.77,17.93,0.62,,,,4096,16,1,,skv-node6,skv-node4,10.0.0.64,mlx5_1,3,19582,fixed one read/op; payload sweep
payload_latency,8192B,4,ib_read_lat,8192,5000,4096,16,1,1,1,1,6.28,6.51,18.77,0.53,,,,4096,16,1,,skv-node6,skv-node4,10.0.0.64,mlx5_1,3,19583,fixed one read/op; payload sweep
payload_latency,16384B,4,ib_read_lat,16384,5000,4096,16,1,1,1,1,7.57,8.92,19.92,0.74,,,,4096,16,1,,skv-node6,skv-node4,10.0.0.64,mlx5_1,3,19584,fixed one read/op; payload sweep
mtu_latency,MTU 1024,4,ib_read_lat,256,5000,1024,16,1,1,1,1,4.36,4.48,14.31,0.41,,,,1024,16,1,,skv-node6,skv-node4,10.0.0.64,mlx5_1,3,19585,fixed 256B read; MTU sweep
mtu_latency,MTU 2048,4,ib_read_lat,256,5000,2048,16,1,1,1,1,4.42,4.70,18.53,0.71,,,,2048,16,1,,skv-node6,skv-node4,10.0.0.64,mlx5_1,3,19586,fixed 256B read; MTU sweep
mtu_latency,MTU 4096,4,ib_read_lat,256,5000,4096,16,1,1,1,1,4.38,4.68,17.44,0.49,,,,4096,16,1,,skv-node6,skv-node4,10.0.0.64,mlx5_1,3,19587,fixed 256B read; MTU sweep
numa_latency,preferred 0,4,ib_read_lat,256,5000,4096,16,1,1,0,0,4.37,4.54,17.75,0.58,,,,4096,16,1,,skv-node6,skv-node4,10.0.0.64,mlx5_1,3,19588,same preferred NUMA node on CN and MN
numa_latency,preferred 1,4,ib_read_lat,256,5000,4096,16,1,1,1,1,4.38,4.67,14.35,0.44,,,,4096,16,1,,skv-node6,skv-node4,10.0.0.64,mlx5_1,3,19589,same preferred NUMA node on CN and MN
outs_msg_rate,outs 1,4,ib_read_bw,256,50000,4096,1,1,1,1,1,,,,,0.00,0.54,0.262250,4096,1,1,1,skv-node6,skv-node4,10.0.0.64,mlx5_1,3,19590,fixed one QP; outstanding read sweep
outs_msg_rate,outs 4,4,ib_read_bw,256,50000,4096,4,1,1,1,1,,,,,0.00,2.12,1.036205,4096,4,1,1,skv-node6,skv-node4,10.0.0.64,mlx5_1,3,19591,fixed one QP; outstanding read sweep
outs_msg_rate,outs 16,4,ib_read_bw,256,50000,4096,16,1,1,1,1,,,,,0.00,7.76,3.787621,4096,16,1,1,skv-node6,skv-node4,10.0.0.64,mlx5_1,3,19592,fixed one QP; outstanding read sweep
qp_cq_msg_rate,1QP CQ1,4,ib_read_bw,256,50000,4096,16,1,1,1,1,,,,,0.00,8.09,3.948222,4096,16,1,1,skv-node6,skv-node4,10.0.0.64,mlx5_1,3,19593,fixed 256B read; QP/CQ-moderation sweep
qp_cq_msg_rate,1QP CQ16,4,ib_read_bw,256,50000,4096,16,1,16,1,1,,,,,0.00,8.09,3.949154,4096,16,1,16,skv-node6,skv-node4,10.0.0.64,mlx5_1,3,19594,fixed 256B read; QP/CQ-moderation sweep
qp_cq_msg_rate,2QP CQ1,4,ib_read_bw,256,50000,4096,16,2,1,1,1,,,,,0.00,13.04,6.365596,4096,16,2,1,skv-node6,skv-node4,10.0.0.64,mlx5_1,3,19595,fixed 256B read; QP/CQ-moderation sweep
qp_cq_msg_rate,2QP CQ16,4,ib_read_bw,256,50000,4096,16,2,16,1,1,,,,,0.00,13.67,6.676881,4096,16,2,16,skv-node6,skv-node4,10.0.0.64,mlx5_1,3,19596,fixed 256B read; QP/CQ-moderation sweep
qp_cq_msg_rate,4QP CQ1,4,ib_read_bw,256,50000,4096,16,4,1,1,1,,,,,0.00,13.03,6.359887,4096,16,4,1,skv-node6,skv-node4,10.0.0.64,mlx5_1,3,19597,fixed 256B read; QP/CQ-moderation sweep
qp_cq_msg_rate,4QP CQ16,4,ib_read_bw,256,50000,4096,16,4,16,1,1,,,,,0.00,14.61,7.133142,4096,16,4,16,skv-node6,skv-node4,10.0.0.64,mlx5_1,3,19598,fixed 256B read; QP/CQ-moderation sweep
qp_cq_msg_rate,8QP CQ1,4,ib_read_bw,256,50000,4096,16,8,1,1,1,,,,,0.00,12.82,6.260597,4096,16,8,1,skv-node6,skv-node4,10.0.0.64,mlx5_1,3,19599,fixed 256B read; QP/CQ-moderation sweep
qp_cq_msg_rate,8QP CQ16,4,ib_read_bw,256,50000,4096,16,8,16,1,1,,,,,0.00,14.61,7.131713,4096,16,8,16,skv-node6,skv-node4,10.0.0.64,mlx5_1,3,19600,fixed 256B read; QP/CQ-moderation sweep
payload_latency,64B,5,ib_read_lat,64,5000,4096,16,1,1,1,1,4.35,4.55,6.87,0.11,,,,4096,16,1,,skv-node6,skv-node4,10.0.0.64,mlx5_1,3,19601,fixed one read/op; payload sweep
payload_latency,128B,5,ib_read_lat,128,5000,4096,16,1,1,1,1,4.33,4.54,16.35,0.53,,,,4096,16,1,,skv-node6,skv-node4,10.0.0.64,mlx5_1,3,19602,fixed one read/op; payload sweep
payload_latency,256B,5,ib_read_lat,256,5000,4096,16,1,1,1,1,4.28,4.33,14.20,0.44,,,,4096,16,1,,skv-node6,skv-node4,10.0.0.64,mlx5_1,3,19603,fixed one read/op; payload sweep
payload_latency,512B,5,ib_read_lat,512,5000,4096,16,1,1,1,1,4.49,4.71,16.35,0.48,,,,4096,16,1,,skv-node6,skv-node4,10.0.0.64,mlx5_1,3,19604,fixed one read/op; payload sweep
payload_latency,1024B,5,ib_read_lat,1024,5000,4096,16,1,1,1,1,4.58,6.18,16.68,0.79,,,,4096,16,1,,skv-node6,skv-node4,10.0.0.64,mlx5_1,3,19605,fixed one read/op; payload sweep
payload_latency,2048B,5,ib_read_lat,2048,5000,4096,16,1,1,1,1,4.92,5.15,16.70,0.51,,,,4096,16,1,,skv-node6,skv-node4,10.0.0.64,mlx5_1,3,19606,fixed one read/op; payload sweep
payload_latency,4096B,5,ib_read_lat,4096,5000,4096,16,1,1,1,1,5.60,5.84,17.75,0.55,,,,4096,16,1,,skv-node6,skv-node4,10.0.0.64,mlx5_1,3,19607,fixed one read/op; payload sweep
payload_latency,8192B,5,ib_read_lat,8192,5000,4096,16,1,1,1,1,6.38,6.50,19.65,0.62,,,,4096,16,1,,skv-node6,skv-node4,10.0.0.64,mlx5_1,3,19608,fixed one read/op; payload sweep
payload_latency,16384B,5,ib_read_lat,16384,5000,4096,16,1,1,1,1,7.52,7.85,20.57,0.65,,,,4096,16,1,,skv-node6,skv-node4,10.0.0.64,mlx5_1,3,19609,fixed one read/op; payload sweep
mtu_latency,MTU 1024,5,ib_read_lat,256,5000,1024,16,1,1,1,1,4.33,4.60,15.98,0.53,,,,1024,16,1,,skv-node6,skv-node4,10.0.0.64,mlx5_1,3,19610,fixed 256B read; MTU sweep
mtu_latency,MTU 2048,5,ib_read_lat,256,5000,2048,16,1,1,1,1,4.39,4.66,17.43,0.65,,,,2048,16,1,,skv-node6,skv-node4,10.0.0.64,mlx5_1,3,19611,fixed 256B read; MTU sweep
mtu_latency,MTU 4096,5,ib_read_lat,256,5000,4096,16,1,1,1,1,4.36,4.46,13.39,0.41,,,,4096,16,1,,skv-node6,skv-node4,10.0.0.64,mlx5_1,3,19612,fixed 256B read; MTU sweep
numa_latency,preferred 0,5,ib_read_lat,256,5000,4096,16,1,1,0,0,4.37,4.55,17.32,0.54,,,,4096,16,1,,skv-node6,skv-node4,10.0.0.64,mlx5_1,3,19613,same preferred NUMA node on CN and MN
numa_latency,preferred 1,5,ib_read_lat,256,5000,4096,16,1,1,1,1,4.37,4.46,16.50,0.49,,,,4096,16,1,,skv-node6,skv-node4,10.0.0.64,mlx5_1,3,19614,same preferred NUMA node on CN and MN
outs_msg_rate,outs 1,5,ib_read_bw,256,50000,4096,1,1,1,1,1,,,,,0.00,0.54,0.264475,4096,1,1,1,skv-node6,skv-node4,10.0.0.64,mlx5_1,3,19615,fixed one QP; outstanding read sweep
outs_msg_rate,outs 4,5,ib_read_bw,256,50000,4096,4,1,1,1,1,,,,,0.00,2.16,1.056599,4096,4,1,1,skv-node6,skv-node4,10.0.0.64,mlx5_1,3,19616,fixed one QP; outstanding read sweep
outs_msg_rate,outs 16,5,ib_read_bw,256,50000,4096,16,1,1,1,1,,,,,0.00,7.92,3.869047,4096,16,1,1,skv-node6,skv-node4,10.0.0.64,mlx5_1,3,19617,fixed one QP; outstanding read sweep
qp_cq_msg_rate,1QP CQ1,5,ib_read_bw,256,50000,4096,16,1,1,1,1,,,,,0.00,7.82,3.819041,4096,16,1,1,skv-node6,skv-node4,10.0.0.64,mlx5_1,3,19618,fixed 256B read; QP/CQ-moderation sweep
qp_cq_msg_rate,1QP CQ16,5,ib_read_bw,256,50000,4096,16,1,16,1,1,,,,,0.00,7.72,3.770334,4096,16,1,16,skv-node6,skv-node4,10.0.0.64,mlx5_1,3,19619,fixed 256B read; QP/CQ-moderation sweep
qp_cq_msg_rate,2QP CQ1,5,ib_read_bw,256,50000,4096,16,2,1,1,1,,,,,0.00,13.77,6.724201,4096,16,2,1,skv-node6,skv-node4,10.0.0.64,mlx5_1,3,19620,fixed 256B read; QP/CQ-moderation sweep
qp_cq_msg_rate,2QP CQ16,5,ib_read_bw,256,50000,4096,16,2,16,1,1,,,,,0.00,15.56,7.596263,4096,16,2,16,skv-node6,skv-node4,10.0.0.64,mlx5_1,3,19621,fixed 256B read; QP/CQ-moderation sweep
qp_cq_msg_rate,4QP CQ1,5,ib_read_bw,256,50000,4096,16,4,1,1,1,,,,,0.00,12.98,6.337252,4096,16,4,1,skv-node6,skv-node4,10.0.0.64,mlx5_1,3,19622,fixed 256B read; QP/CQ-moderation sweep
qp_cq_msg_rate,4QP CQ16,5,ib_read_bw,256,50000,4096,16,4,16,1,1,,,,,0.00,14.78,7.214590,4096,16,4,16,skv-node6,skv-node4,10.0.0.64,mlx5_1,3,19623,fixed 256B read; QP/CQ-moderation sweep
qp_cq_msg_rate,8QP CQ1,5,ib_read_bw,256,50000,4096,16,8,1,1,1,,,,,0.00,12.84,6.271032,4096,16,8,1,skv-node6,skv-node4,10.0.0.64,mlx5_1,3,19624,fixed 256B read; QP/CQ-moderation sweep
qp_cq_msg_rate,8QP CQ16,5,ib_read_bw,256,50000,4096,16,8,16,1,1,,,,,0.00,14.75,7.201093,4096,16,8,16,skv-node6,skv-node4,10.0.0.64,mlx5_1,3,19625,fixed 256B read; QP/CQ-moderation sweep
