campaign_id,protocol_fingerprint,binary_sha256,dataset,factor,value,run_kind,repeat,threads,query_contexts,coroutines,top_k,ef,query_suffix,latency_enabled,metric,json,stderr,status,processed,recall,qps,p50_us,p95_us,p99_us,posts_per_query,bytes_per_query
vldb-robustness-deep1-v2-final-20260713,7e29f4fee2e6ed6e30d46d80fd7f15ef6bc83ec70fab90ad52b0a61f500364be,2e60c6ea3bb3893b66cbce65cfdc5d82faab4a74fcc469fdeb7b5ff8dda34fb6,DEEP1M,workers,1,warmup,0,1,1,2,10,200,uniform,1,l2,/home/kvgroup/chaomei/graphbeyond-vldb-closure-20260713/evidence/robustness_deep1_v2_final_20260713/deep1m_workers_1_warmup_r0.json,/home/kvgroup/chaomei/graphbeyond-vldb-closure-20260713/evidence/robustness_deep1_v2_final_20260713/deep1m_workers_1_warmup_r0.err,ok,10000,0.98907,1376.0,1445.704,1508.8,1542.902,201.8453,530228.0984
vldb-robustness-deep1-v2-final-20260713,7e29f4fee2e6ed6e30d46d80fd7f15ef6bc83ec70fab90ad52b0a61f500364be,2e60c6ea3bb3893b66cbce65cfdc5d82faab4a74fcc469fdeb7b5ff8dda34fb6,DEEP1M,workers,1,measure,0,1,1,2,10,200,uniform,1,l2,/home/kvgroup/chaomei/graphbeyond-vldb-closure-20260713/evidence/robustness_deep1_v2_final_20260713/deep1m_workers_1_measure_r0.json,/home/kvgroup/chaomei/graphbeyond-vldb-closure-20260713/evidence/robustness_deep1_v2_final_20260713/deep1m_workers_1_measure_r0.err,ok,10000,0.98907,1340.0,1484.243,1547.162,1582.323,201.8453,530228.0984
vldb-robustness-deep1-v2-final-20260713,7e29f4fee2e6ed6e30d46d80fd7f15ef6bc83ec70fab90ad52b0a61f500364be,2e60c6ea3bb3893b66cbce65cfdc5d82faab4a74fcc469fdeb7b5ff8dda34fb6,DEEP1M,workers,1,measure,1,1,1,2,10,200,uniform,1,l2,/home/kvgroup/chaomei/graphbeyond-vldb-closure-20260713/evidence/robustness_deep1_v2_final_20260713/deep1m_workers_1_measure_r1.json,/home/kvgroup/chaomei/graphbeyond-vldb-closure-20260713/evidence/robustness_deep1_v2_final_20260713/deep1m_workers_1_measure_r1.err,ok,10000,0.98907,1370.0,1453.472,1513.1770000000001,1544.14,201.8453,530228.0984
vldb-robustness-deep1-v2-final-20260713,7e29f4fee2e6ed6e30d46d80fd7f15ef6bc83ec70fab90ad52b0a61f500364be,2e60c6ea3bb3893b66cbce65cfdc5d82faab4a74fcc469fdeb7b5ff8dda34fb6,DEEP1M,workers,1,measure,2,1,1,2,10,200,uniform,1,l2,/home/kvgroup/chaomei/graphbeyond-vldb-closure-20260713/evidence/robustness_deep1_v2_final_20260713/deep1m_workers_1_measure_r2.json,/home/kvgroup/chaomei/graphbeyond-vldb-closure-20260713/evidence/robustness_deep1_v2_final_20260713/deep1m_workers_1_measure_r2.err,ok,10000,0.98907,1345.0,1479.993,1541.746,1572.143,201.8453,530228.0984
vldb-robustness-deep1-v2-final-20260713,7e29f4fee2e6ed6e30d46d80fd7f15ef6bc83ec70fab90ad52b0a61f500364be,2e60c6ea3bb3893b66cbce65cfdc5d82faab4a74fcc469fdeb7b5ff8dda34fb6,DEEP1M,workers,1,measure,3,1,1,2,10,200,uniform,1,l2,/home/kvgroup/chaomei/graphbeyond-vldb-closure-20260713/evidence/robustness_deep1_v2_final_20260713/deep1m_workers_1_measure_r3.json,/home/kvgroup/chaomei/graphbeyond-vldb-closure-20260713/evidence/robustness_deep1_v2_final_20260713/deep1m_workers_1_measure_r3.err,ok,10000,0.98907,1341.0,1483.914,1552.339,1587.577,201.8453,530228.0984
vldb-robustness-deep1-v2-final-20260713,7e29f4fee2e6ed6e30d46d80fd7f15ef6bc83ec70fab90ad52b0a61f500364be,2e60c6ea3bb3893b66cbce65cfdc5d82faab4a74fcc469fdeb7b5ff8dda34fb6,DEEP1M,workers,1,measure,4,1,1,2,10,200,uniform,1,l2,/home/kvgroup/chaomei/graphbeyond-vldb-closure-20260713/evidence/robustness_deep1_v2_final_20260713/deep1m_workers_1_measure_r4.json,/home/kvgroup/chaomei/graphbeyond-vldb-closure-20260713/evidence/robustness_deep1_v2_final_20260713/deep1m_workers_1_measure_r4.err,ok,10000,0.98907,1343.0,1481.555,1547.063,1578.9560000000001,201.8453,530228.0984
vldb-robustness-deep1-v2-final-20260713,c7f51bda27b8b1d0233243098faee28de38f6780c131a1426b025227f9eb0a20,2e60c6ea3bb3893b66cbce65cfdc5d82faab4a74fcc469fdeb7b5ff8dda34fb6,DEEP1M,workers,8,warmup,0,8,8,2,10,200,uniform,1,l2,/home/kvgroup/chaomei/graphbeyond-vldb-closure-20260713/evidence/robustness_deep1_v2_final_20260713/deep1m_workers_8_warmup_r0.json,/home/kvgroup/chaomei/graphbeyond-vldb-closure-20260713/evidence/robustness_deep1_v2_final_20260713/deep1m_workers_8_warmup_r0.err,ok,10000,0.98907,9609.0,1648.122,1730.958,1789.81,201.8453,530228.0984
vldb-robustness-deep1-v2-final-20260713,c7f51bda27b8b1d0233243098faee28de38f6780c131a1426b025227f9eb0a20,2e60c6ea3bb3893b66cbce65cfdc5d82faab4a74fcc469fdeb7b5ff8dda34fb6,DEEP1M,workers,8,measure,0,8,8,2,10,200,uniform,1,l2,/home/kvgroup/chaomei/graphbeyond-vldb-closure-20260713/evidence/robustness_deep1_v2_final_20260713/deep1m_workers_8_measure_r0.json,/home/kvgroup/chaomei/graphbeyond-vldb-closure-20260713/evidence/robustness_deep1_v2_final_20260713/deep1m_workers_8_measure_r0.err,ok,10000,0.98907,9839.0,1607.116,1688.503,1756.208,201.8453,530228.0984
vldb-robustness-deep1-v2-final-20260713,c7f51bda27b8b1d0233243098faee28de38f6780c131a1426b025227f9eb0a20,2e60c6ea3bb3893b66cbce65cfdc5d82faab4a74fcc469fdeb7b5ff8dda34fb6,DEEP1M,workers,8,measure,1,8,8,2,10,200,uniform,1,l2,/home/kvgroup/chaomei/graphbeyond-vldb-closure-20260713/evidence/robustness_deep1_v2_final_20260713/deep1m_workers_8_measure_r1.json,/home/kvgroup/chaomei/graphbeyond-vldb-closure-20260713/evidence/robustness_deep1_v2_final_20260713/deep1m_workers_8_measure_r1.err,ok,10000,0.98907,9487.0,1663.775,1743.669,1823.788,201.8453,530228.0984
vldb-robustness-deep1-v2-final-20260713,c7f51bda27b8b1d0233243098faee28de38f6780c131a1426b025227f9eb0a20,2e60c6ea3bb3893b66cbce65cfdc5d82faab4a74fcc469fdeb7b5ff8dda34fb6,DEEP1M,workers,8,measure,2,8,8,2,10,200,uniform,1,l2,/home/kvgroup/chaomei/graphbeyond-vldb-closure-20260713/evidence/robustness_deep1_v2_final_20260713/deep1m_workers_8_measure_r2.json,/home/kvgroup/chaomei/graphbeyond-vldb-closure-20260713/evidence/robustness_deep1_v2_final_20260713/deep1m_workers_8_measure_r2.err,ok,10000,0.98907,9877.0,1603.2440000000001,1691.416,1748.512,201.8453,530228.0984
vldb-robustness-deep1-v2-final-20260713,c7f51bda27b8b1d0233243098faee28de38f6780c131a1426b025227f9eb0a20,2e60c6ea3bb3893b66cbce65cfdc5d82faab4a74fcc469fdeb7b5ff8dda34fb6,DEEP1M,workers,8,measure,3,8,8,2,10,200,uniform,1,l2,/home/kvgroup/chaomei/graphbeyond-vldb-closure-20260713/evidence/robustness_deep1_v2_final_20260713/deep1m_workers_8_measure_r3.json,/home/kvgroup/chaomei/graphbeyond-vldb-closure-20260713/evidence/robustness_deep1_v2_final_20260713/deep1m_workers_8_measure_r3.err,ok,10000,0.98907,9860.0,1606.7440000000001,1689.291,1749.93,201.8453,530228.0984
vldb-robustness-deep1-v2-final-20260713,c7f51bda27b8b1d0233243098faee28de38f6780c131a1426b025227f9eb0a20,2e60c6ea3bb3893b66cbce65cfdc5d82faab4a74fcc469fdeb7b5ff8dda34fb6,DEEP1M,workers,8,measure,4,8,8,2,10,200,uniform,1,l2,/home/kvgroup/chaomei/graphbeyond-vldb-closure-20260713/evidence/robustness_deep1_v2_final_20260713/deep1m_workers_8_measure_r4.json,/home/kvgroup/chaomei/graphbeyond-vldb-closure-20260713/evidence/robustness_deep1_v2_final_20260713/deep1m_workers_8_measure_r4.err,ok,10000,0.98907,9559.0,1655.604,1738.923,1809.24,201.8453,530228.0984
vldb-robustness-deep1-v2-final-20260713,3373c9235bca1b982fb21cb116637dbef0b018422a0d7bb81ba121db4dda4ef5,2e60c6ea3bb3893b66cbce65cfdc5d82faab4a74fcc469fdeb7b5ff8dda34fb6,DEEP1M,workers,16,warmup,0,16,16,2,10,200,uniform,1,l2,/home/kvgroup/chaomei/graphbeyond-vldb-closure-20260713/evidence/robustness_deep1_v2_final_20260713/deep1m_workers_16_warmup_r0.json,/home/kvgroup/chaomei/graphbeyond-vldb-closure-20260713/evidence/robustness_deep1_v2_final_20260713/deep1m_workers_16_warmup_r0.err,ok,10000,0.98907,17052.0,1842.26,1924.8310000000001,2329.61,201.8453,530228.0984
vldb-robustness-deep1-v2-final-20260713,3373c9235bca1b982fb21cb116637dbef0b018422a0d7bb81ba121db4dda4ef5,2e60c6ea3bb3893b66cbce65cfdc5d82faab4a74fcc469fdeb7b5ff8dda34fb6,DEEP1M,workers,16,measure,0,16,16,2,10,200,uniform,1,l2,/home/kvgroup/chaomei/graphbeyond-vldb-closure-20260713/evidence/robustness_deep1_v2_final_20260713/deep1m_workers_16_measure_r0.json,/home/kvgroup/chaomei/graphbeyond-vldb-closure-20260713/evidence/robustness_deep1_v2_final_20260713/deep1m_workers_16_measure_r0.err,ok,10000,0.98907,17131.0,1838.403,1926.2930000000001,2047.3220000000001,201.8453,530228.0984
vldb-robustness-deep1-v2-final-20260713,3373c9235bca1b982fb21cb116637dbef0b018422a0d7bb81ba121db4dda4ef5,2e60c6ea3bb3893b66cbce65cfdc5d82faab4a74fcc469fdeb7b5ff8dda34fb6,DEEP1M,workers,16,measure,1,16,16,2,10,200,uniform,1,l2,/home/kvgroup/chaomei/graphbeyond-vldb-closure-20260713/evidence/robustness_deep1_v2_final_20260713/deep1m_workers_16_measure_r1.json,/home/kvgroup/chaomei/graphbeyond-vldb-closure-20260713/evidence/robustness_deep1_v2_final_20260713/deep1m_workers_16_measure_r1.err,ok,10000,0.98907,17119.0,1835.941,1917.5430000000001,2161.918,201.8453,530228.0984
vldb-robustness-deep1-v2-final-20260713,3373c9235bca1b982fb21cb116637dbef0b018422a0d7bb81ba121db4dda4ef5,2e60c6ea3bb3893b66cbce65cfdc5d82faab4a74fcc469fdeb7b5ff8dda34fb6,DEEP1M,workers,16,measure,2,16,16,2,10,200,uniform,1,l2,/home/kvgroup/chaomei/graphbeyond-vldb-closure-20260713/evidence/robustness_deep1_v2_final_20260713/deep1m_workers_16_measure_r2.json,/home/kvgroup/chaomei/graphbeyond-vldb-closure-20260713/evidence/robustness_deep1_v2_final_20260713/deep1m_workers_16_measure_r2.err,ok,10000,0.98907,17670.0,1764.674,1857.164,2671.165,201.8453,530228.0984
vldb-robustness-deep1-v2-final-20260713,3373c9235bca1b982fb21cb116637dbef0b018422a0d7bb81ba121db4dda4ef5,2e60c6ea3bb3893b66cbce65cfdc5d82faab4a74fcc469fdeb7b5ff8dda34fb6,DEEP1M,workers,16,measure,3,16,16,2,10,200,uniform,1,l2,/home/kvgroup/chaomei/graphbeyond-vldb-closure-20260713/evidence/robustness_deep1_v2_final_20260713/deep1m_workers_16_measure_r3.json,/home/kvgroup/chaomei/graphbeyond-vldb-closure-20260713/evidence/robustness_deep1_v2_final_20260713/deep1m_workers_16_measure_r3.err,ok,10000,0.98907,17035.0,1846.3590000000002,1944.2630000000001,2454.8250000000003,201.8453,530228.0984
vldb-robustness-deep1-v2-final-20260713,3373c9235bca1b982fb21cb116637dbef0b018422a0d7bb81ba121db4dda4ef5,2e60c6ea3bb3893b66cbce65cfdc5d82faab4a74fcc469fdeb7b5ff8dda34fb6,DEEP1M,workers,16,measure,4,16,16,2,10,200,uniform,1,l2,/home/kvgroup/chaomei/graphbeyond-vldb-closure-20260713/evidence/robustness_deep1_v2_final_20260713/deep1m_workers_16_measure_r4.json,/home/kvgroup/chaomei/graphbeyond-vldb-closure-20260713/evidence/robustness_deep1_v2_final_20260713/deep1m_workers_16_measure_r4.err,ok,10000,0.98907,17091.0,1840.045,1928.9950000000001,2105.575,201.8453,530228.0984
vldb-robustness-deep1-v2-final-20260713,26a62907518eee2f22ce73cc32119e1f173bc648d2d1d6aeac461636850de63d,2e60c6ea3bb3893b66cbce65cfdc5d82faab4a74fcc469fdeb7b5ff8dda34fb6,DEEP1M,workers,40,warmup,0,40,40,2,10,200,uniform,1,l2,/home/kvgroup/chaomei/graphbeyond-vldb-closure-20260713/evidence/robustness_deep1_v2_final_20260713/deep1m_workers_40_warmup_r0.json,/home/kvgroup/chaomei/graphbeyond-vldb-closure-20260713/evidence/robustness_deep1_v2_final_20260713/deep1m_workers_40_warmup_r0.err,ok,10000,0.98907,20777.0,3756.023,3978.751,4248.561,201.8453,530228.0984
vldb-robustness-deep1-v2-final-20260713,26a62907518eee2f22ce73cc32119e1f173bc648d2d1d6aeac461636850de63d,2e60c6ea3bb3893b66cbce65cfdc5d82faab4a74fcc469fdeb7b5ff8dda34fb6,DEEP1M,workers,40,measure,0,40,40,2,10,200,uniform,1,l2,/home/kvgroup/chaomei/graphbeyond-vldb-closure-20260713/evidence/robustness_deep1_v2_final_20260713/deep1m_workers_40_measure_r0.json,/home/kvgroup/chaomei/graphbeyond-vldb-closure-20260713/evidence/robustness_deep1_v2_final_20260713/deep1m_workers_40_measure_r0.err,ok,10000,0.98907,20889.0,3755.744,3964.2290000000003,4271.26,201.8453,530228.0984
vldb-robustness-deep1-v2-final-20260713,26a62907518eee2f22ce73cc32119e1f173bc648d2d1d6aeac461636850de63d,2e60c6ea3bb3893b66cbce65cfdc5d82faab4a74fcc469fdeb7b5ff8dda34fb6,DEEP1M,workers,40,measure,1,40,40,2,10,200,uniform,1,l2,/home/kvgroup/chaomei/graphbeyond-vldb-closure-20260713/evidence/robustness_deep1_v2_final_20260713/deep1m_workers_40_measure_r1.json,/home/kvgroup/chaomei/graphbeyond-vldb-closure-20260713/evidence/robustness_deep1_v2_final_20260713/deep1m_workers_40_measure_r1.err,ok,10000,0.98907,20919.0,3756.405,3968.0350000000003,4262.019,201.8453,530228.0984
vldb-robustness-deep1-v2-final-20260713,26a62907518eee2f22ce73cc32119e1f173bc648d2d1d6aeac461636850de63d,2e60c6ea3bb3893b66cbce65cfdc5d82faab4a74fcc469fdeb7b5ff8dda34fb6,DEEP1M,workers,40,measure,2,40,40,2,10,200,uniform,1,l2,/home/kvgroup/chaomei/graphbeyond-vldb-closure-20260713/evidence/robustness_deep1_v2_final_20260713/deep1m_workers_40_measure_r2.json,/home/kvgroup/chaomei/graphbeyond-vldb-closure-20260713/evidence/robustness_deep1_v2_final_20260713/deep1m_workers_40_measure_r2.err,ok,10000,0.98907,20810.0,3755.021,3963.608,4285.078,201.8453,530228.0984
vldb-robustness-deep1-v2-final-20260713,26a62907518eee2f22ce73cc32119e1f173bc648d2d1d6aeac461636850de63d,2e60c6ea3bb3893b66cbce65cfdc5d82faab4a74fcc469fdeb7b5ff8dda34fb6,DEEP1M,workers,40,measure,3,40,40,2,10,200,uniform,1,l2,/home/kvgroup/chaomei/graphbeyond-vldb-closure-20260713/evidence/robustness_deep1_v2_final_20260713/deep1m_workers_40_measure_r3.json,/home/kvgroup/chaomei/graphbeyond-vldb-closure-20260713/evidence/robustness_deep1_v2_final_20260713/deep1m_workers_40_measure_r3.err,ok,10000,0.98907,20820.0,3757.5750000000003,3967.9590000000003,4217.887,201.8453,530228.0984
vldb-robustness-deep1-v2-final-20260713,26a62907518eee2f22ce73cc32119e1f173bc648d2d1d6aeac461636850de63d,2e60c6ea3bb3893b66cbce65cfdc5d82faab4a74fcc469fdeb7b5ff8dda34fb6,DEEP1M,workers,40,measure,4,40,40,2,10,200,uniform,1,l2,/home/kvgroup/chaomei/graphbeyond-vldb-closure-20260713/evidence/robustness_deep1_v2_final_20260713/deep1m_workers_40_measure_r4.json,/home/kvgroup/chaomei/graphbeyond-vldb-closure-20260713/evidence/robustness_deep1_v2_final_20260713/deep1m_workers_40_measure_r4.err,ok,10000,0.98907,20870.0,3753.4590000000003,3969.702,4262.418,201.8453,530228.0984
vldb-robustness-deep1-v2-final-20260713,e3c116c8903d9c3f43429206fdf72b2b5acaa47d0575c8c2e8f7210a5bc9fb86,2e60c6ea3bb3893b66cbce65cfdc5d82faab4a74fcc469fdeb7b5ff8dda34fb6,DEEP1M,coroutines,1,warmup,0,10,10,1,10,200,uniform,1,l2,/home/kvgroup/chaomei/graphbeyond-vldb-closure-20260713/evidence/robustness_deep1_v2_final_20260713/deep1m_coroutines_1_warmup_r0.json,/home/kvgroup/chaomei/graphbeyond-vldb-closure-20260713/evidence/robustness_deep1_v2_final_20260713/deep1m_coroutines_1_warmup_r0.err,ok,10000,0.98907,6706.0,1479.723,1590.482,1636.853,201.8453,530228.0984
vldb-robustness-deep1-v2-final-20260713,e3c116c8903d9c3f43429206fdf72b2b5acaa47d0575c8c2e8f7210a5bc9fb86,2e60c6ea3bb3893b66cbce65cfdc5d82faab4a74fcc469fdeb7b5ff8dda34fb6,DEEP1M,coroutines,1,measure,0,10,10,1,10,200,uniform,1,l2,/home/kvgroup/chaomei/graphbeyond-vldb-closure-20260713/evidence/robustness_deep1_v2_final_20260713/deep1m_coroutines_1_measure_r0.json,/home/kvgroup/chaomei/graphbeyond-vldb-closure-20260713/evidence/robustness_deep1_v2_final_20260713/deep1m_coroutines_1_measure_r0.err,ok,10000,0.98907,6713.0,1478.838,1589.487,1646.575,201.8453,530228.0984
vldb-robustness-deep1-v2-final-20260713,e3c116c8903d9c3f43429206fdf72b2b5acaa47d0575c8c2e8f7210a5bc9fb86,2e60c6ea3bb3893b66cbce65cfdc5d82faab4a74fcc469fdeb7b5ff8dda34fb6,DEEP1M,coroutines,1,measure,1,10,10,1,10,200,uniform,1,l2,/home/kvgroup/chaomei/graphbeyond-vldb-closure-20260713/evidence/robustness_deep1_v2_final_20260713/deep1m_coroutines_1_measure_r1.json,/home/kvgroup/chaomei/graphbeyond-vldb-closure-20260713/evidence/robustness_deep1_v2_final_20260713/deep1m_coroutines_1_measure_r1.err,ok,10000,0.98907,6663.0,1488.583,1606.276,1657.587,201.8453,530228.0984
vldb-robustness-deep1-v2-final-20260713,e3c116c8903d9c3f43429206fdf72b2b5acaa47d0575c8c2e8f7210a5bc9fb86,2e60c6ea3bb3893b66cbce65cfdc5d82faab4a74fcc469fdeb7b5ff8dda34fb6,DEEP1M,coroutines,1,measure,2,10,10,1,10,200,uniform,1,l2,/home/kvgroup/chaomei/graphbeyond-vldb-closure-20260713/evidence/robustness_deep1_v2_final_20260713/deep1m_coroutines_1_measure_r2.json,/home/kvgroup/chaomei/graphbeyond-vldb-closure-20260713/evidence/robustness_deep1_v2_final_20260713/deep1m_coroutines_1_measure_r2.err,ok,10000,0.98907,6717.0,1478.701,1599.15,1656.801,201.8453,530228.0984
vldb-robustness-deep1-v2-final-20260713,e3c116c8903d9c3f43429206fdf72b2b5acaa47d0575c8c2e8f7210a5bc9fb86,2e60c6ea3bb3893b66cbce65cfdc5d82faab4a74fcc469fdeb7b5ff8dda34fb6,DEEP1M,coroutines,1,measure,3,10,10,1,10,200,uniform,1,l2,/home/kvgroup/chaomei/graphbeyond-vldb-closure-20260713/evidence/robustness_deep1_v2_final_20260713/deep1m_coroutines_1_measure_r3.json,/home/kvgroup/chaomei/graphbeyond-vldb-closure-20260713/evidence/robustness_deep1_v2_final_20260713/deep1m_coroutines_1_measure_r3.err,ok,10000,0.98907,6757.0,1470.609,1573.588,1622.549,201.8453,530228.0984
vldb-robustness-deep1-v2-final-20260713,e3c116c8903d9c3f43429206fdf72b2b5acaa47d0575c8c2e8f7210a5bc9fb86,2e60c6ea3bb3893b66cbce65cfdc5d82faab4a74fcc469fdeb7b5ff8dda34fb6,DEEP1M,coroutines,1,measure,4,10,10,1,10,200,uniform,1,l2,/home/kvgroup/chaomei/graphbeyond-vldb-closure-20260713/evidence/robustness_deep1_v2_final_20260713/deep1m_coroutines_1_measure_r4.json,/home/kvgroup/chaomei/graphbeyond-vldb-closure-20260713/evidence/robustness_deep1_v2_final_20260713/deep1m_coroutines_1_measure_r4.err,ok,10000,0.98907,6730.0,1477.44,1573.611,1623.502,201.8453,530228.0984
vldb-robustness-deep1-v2-final-20260713,bd58c5b1614616d1d164d1e6ec5330122c3aaba7e8a6b7c7cdf695d8e8b4775d,2e60c6ea3bb3893b66cbce65cfdc5d82faab4a74fcc469fdeb7b5ff8dda34fb6,DEEP1M,coroutines,2,warmup,0,10,10,2,10,200,uniform,1,l2,/home/kvgroup/chaomei/graphbeyond-vldb-closure-20260713/evidence/robustness_deep1_v2_final_20260713/deep1m_coroutines_2_warmup_r0.json,/home/kvgroup/chaomei/graphbeyond-vldb-closure-20260713/evidence/robustness_deep1_v2_final_20260713/deep1m_coroutines_2_warmup_r0.err,ok,10000,0.98907,11793.0,1674.1670000000001,1768.0810000000001,1832.704,201.8453,530228.0984
vldb-robustness-deep1-v2-final-20260713,bd58c5b1614616d1d164d1e6ec5330122c3aaba7e8a6b7c7cdf695d8e8b4775d,2e60c6ea3bb3893b66cbce65cfdc5d82faab4a74fcc469fdeb7b5ff8dda34fb6,DEEP1M,coroutines,2,measure,0,10,10,2,10,200,uniform,1,l2,/home/kvgroup/chaomei/graphbeyond-vldb-closure-20260713/evidence/robustness_deep1_v2_final_20260713/deep1m_coroutines_2_measure_r0.json,/home/kvgroup/chaomei/graphbeyond-vldb-closure-20260713/evidence/robustness_deep1_v2_final_20260713/deep1m_coroutines_2_measure_r0.err,ok,10000,0.98907,11806.0,1669.644,1766.814,1845.856,201.8453,530228.0984
vldb-robustness-deep1-v2-final-20260713,bd58c5b1614616d1d164d1e6ec5330122c3aaba7e8a6b7c7cdf695d8e8b4775d,2e60c6ea3bb3893b66cbce65cfdc5d82faab4a74fcc469fdeb7b5ff8dda34fb6,DEEP1M,coroutines,2,measure,1,10,10,2,10,200,uniform,1,l2,/home/kvgroup/chaomei/graphbeyond-vldb-closure-20260713/evidence/robustness_deep1_v2_final_20260713/deep1m_coroutines_2_measure_r1.json,/home/kvgroup/chaomei/graphbeyond-vldb-closure-20260713/evidence/robustness_deep1_v2_final_20260713/deep1m_coroutines_2_measure_r1.err,ok,10000,0.98907,12112.0,1629.791,1725.758,1790.1680000000001,201.8453,530228.0984
vldb-robustness-deep1-v2-final-20260713,bd58c5b1614616d1d164d1e6ec5330122c3aaba7e8a6b7c7cdf695d8e8b4775d,2e60c6ea3bb3893b66cbce65cfdc5d82faab4a74fcc469fdeb7b5ff8dda34fb6,DEEP1M,coroutines,2,measure,2,10,10,2,10,200,uniform,1,l2,/home/kvgroup/chaomei/graphbeyond-vldb-closure-20260713/evidence/robustness_deep1_v2_final_20260713/deep1m_coroutines_2_measure_r2.json,/home/kvgroup/chaomei/graphbeyond-vldb-closure-20260713/evidence/robustness_deep1_v2_final_20260713/deep1m_coroutines_2_measure_r2.err,ok,10000,0.98907,11807.0,1675.006,1758.287,1832.786,201.8453,530228.0984
vldb-robustness-deep1-v2-final-20260713,bd58c5b1614616d1d164d1e6ec5330122c3aaba7e8a6b7c7cdf695d8e8b4775d,2e60c6ea3bb3893b66cbce65cfdc5d82faab4a74fcc469fdeb7b5ff8dda34fb6,DEEP1M,coroutines,2,measure,3,10,10,2,10,200,uniform,1,l2,/home/kvgroup/chaomei/graphbeyond-vldb-closure-20260713/evidence/robustness_deep1_v2_final_20260713/deep1m_coroutines_2_measure_r3.json,/home/kvgroup/chaomei/graphbeyond-vldb-closure-20260713/evidence/robustness_deep1_v2_final_20260713/deep1m_coroutines_2_measure_r3.err,ok,10000,0.98907,12141.0,1627.853,1719.882,1798.559,201.8453,530228.0984
vldb-robustness-deep1-v2-final-20260713,bd58c5b1614616d1d164d1e6ec5330122c3aaba7e8a6b7c7cdf695d8e8b4775d,2e60c6ea3bb3893b66cbce65cfdc5d82faab4a74fcc469fdeb7b5ff8dda34fb6,DEEP1M,coroutines,2,measure,4,10,10,2,10,200,uniform,1,l2,/home/kvgroup/chaomei/graphbeyond-vldb-closure-20260713/evidence/robustness_deep1_v2_final_20260713/deep1m_coroutines_2_measure_r4.json,/home/kvgroup/chaomei/graphbeyond-vldb-closure-20260713/evidence/robustness_deep1_v2_final_20260713/deep1m_coroutines_2_measure_r4.err,ok,10000,0.98907,12155.0,1626.194,1706.382,1809.531,201.8453,530228.0984
vldb-robustness-deep1-v2-final-20260713,5dd563bd3c2e972bf9c8051dfe1a1ac48b6dbc0fa11fdf2cba768b0b62762902,2e60c6ea3bb3893b66cbce65cfdc5d82faab4a74fcc469fdeb7b5ff8dda34fb6,DEEP1M,coroutines,4,warmup,0,10,10,4,10,200,uniform,1,l2,/home/kvgroup/chaomei/graphbeyond-vldb-closure-20260713/evidence/robustness_deep1_v2_final_20260713/deep1m_coroutines_4_warmup_r0.json,/home/kvgroup/chaomei/graphbeyond-vldb-closure-20260713/evidence/robustness_deep1_v2_final_20260713/deep1m_coroutines_4_warmup_r0.err,ok,10000,0.98907,18454.0,2094.573,2276.1620000000003,2719.163,201.8453,530228.0984
vldb-robustness-deep1-v2-final-20260713,5dd563bd3c2e972bf9c8051dfe1a1ac48b6dbc0fa11fdf2cba768b0b62762902,2e60c6ea3bb3893b66cbce65cfdc5d82faab4a74fcc469fdeb7b5ff8dda34fb6,DEEP1M,coroutines,4,measure,0,10,10,4,10,200,uniform,1,l2,/home/kvgroup/chaomei/graphbeyond-vldb-closure-20260713/evidence/robustness_deep1_v2_final_20260713/deep1m_coroutines_4_measure_r0.json,/home/kvgroup/chaomei/graphbeyond-vldb-closure-20260713/evidence/robustness_deep1_v2_final_20260713/deep1m_coroutines_4_measure_r0.err,ok,10000,0.98907,17718.0,2196.715,2366.284,2483.541,201.8453,530228.0984
vldb-robustness-deep1-v2-final-20260713,5dd563bd3c2e972bf9c8051dfe1a1ac48b6dbc0fa11fdf2cba768b0b62762902,2e60c6ea3bb3893b66cbce65cfdc5d82faab4a74fcc469fdeb7b5ff8dda34fb6,DEEP1M,coroutines,4,measure,1,10,10,4,10,200,uniform,1,l2,/home/kvgroup/chaomei/graphbeyond-vldb-closure-20260713/evidence/robustness_deep1_v2_final_20260713/deep1m_coroutines_4_measure_r1.json,/home/kvgroup/chaomei/graphbeyond-vldb-closure-20260713/evidence/robustness_deep1_v2_final_20260713/deep1m_coroutines_4_measure_r1.err,ok,10000,0.98907,18523.0,2094.492,2279.722,2417.5190000000002,201.8453,530228.0984
vldb-robustness-deep1-v2-final-20260713,5dd563bd3c2e972bf9c8051dfe1a1ac48b6dbc0fa11fdf2cba768b0b62762902,2e60c6ea3bb3893b66cbce65cfdc5d82faab4a74fcc469fdeb7b5ff8dda34fb6,DEEP1M,coroutines,4,measure,2,10,10,4,10,200,uniform,1,l2,/home/kvgroup/chaomei/graphbeyond-vldb-closure-20260713/evidence/robustness_deep1_v2_final_20260713/deep1m_coroutines_4_measure_r2.json,/home/kvgroup/chaomei/graphbeyond-vldb-closure-20260713/evidence/robustness_deep1_v2_final_20260713/deep1m_coroutines_4_measure_r2.err,ok,10000,0.98907,17723.0,2194.7980000000002,2364.001,2511.51,201.8453,530228.0984
vldb-robustness-deep1-v2-final-20260713,5dd563bd3c2e972bf9c8051dfe1a1ac48b6dbc0fa11fdf2cba768b0b62762902,2e60c6ea3bb3893b66cbce65cfdc5d82faab4a74fcc469fdeb7b5ff8dda34fb6,DEEP1M,coroutines,4,measure,3,10,10,4,10,200,uniform,1,l2,/home/kvgroup/chaomei/graphbeyond-vldb-closure-20260713/evidence/robustness_deep1_v2_final_20260713/deep1m_coroutines_4_measure_r3.json,/home/kvgroup/chaomei/graphbeyond-vldb-closure-20260713/evidence/robustness_deep1_v2_final_20260713/deep1m_coroutines_4_measure_r3.err,ok,10000,0.98907,17819.0,2188.533,2325.553,2468.6730000000002,201.8453,530228.0984
vldb-robustness-deep1-v2-final-20260713,5dd563bd3c2e972bf9c8051dfe1a1ac48b6dbc0fa11fdf2cba768b0b62762902,2e60c6ea3bb3893b66cbce65cfdc5d82faab4a74fcc469fdeb7b5ff8dda34fb6,DEEP1M,coroutines,4,measure,4,10,10,4,10,200,uniform,1,l2,/home/kvgroup/chaomei/graphbeyond-vldb-closure-20260713/evidence/robustness_deep1_v2_final_20260713/deep1m_coroutines_4_measure_r4.json,/home/kvgroup/chaomei/graphbeyond-vldb-closure-20260713/evidence/robustness_deep1_v2_final_20260713/deep1m_coroutines_4_measure_r4.err,ok,10000,0.98907,17554.0,2201.187,2361.138,3605.9590000000003,201.8453,530228.0984
vldb-robustness-deep1-v2-final-20260713,d1793e26f5d532ef62f85c62918797601bd1e4a5882df6bc02310b5db9dd9213,2e60c6ea3bb3893b66cbce65cfdc5d82faab4a74fcc469fdeb7b5ff8dda34fb6,DEEP1M,coroutines,8,warmup,0,10,10,8,10,200,uniform,1,l2,/home/kvgroup/chaomei/graphbeyond-vldb-closure-20260713/evidence/robustness_deep1_v2_final_20260713/deep1m_coroutines_8_warmup_r0.json,/home/kvgroup/chaomei/graphbeyond-vldb-closure-20260713/evidence/robustness_deep1_v2_final_20260713/deep1m_coroutines_8_warmup_r0.err,ok,10000,0.98907,19141.0,4014.848,4555.42,4979.325,202.8453,530228.0984
vldb-robustness-deep1-v2-final-20260713,d1793e26f5d532ef62f85c62918797601bd1e4a5882df6bc02310b5db9dd9213,2e60c6ea3bb3893b66cbce65cfdc5d82faab4a74fcc469fdeb7b5ff8dda34fb6,DEEP1M,coroutines,8,measure,0,10,10,8,10,200,uniform,1,l2,/home/kvgroup/chaomei/graphbeyond-vldb-closure-20260713/evidence/robustness_deep1_v2_final_20260713/deep1m_coroutines_8_measure_r0.json,/home/kvgroup/chaomei/graphbeyond-vldb-closure-20260713/evidence/robustness_deep1_v2_final_20260713/deep1m_coroutines_8_measure_r0.err,ok,10000,0.98907,16699.0,3919.757,4451.768,4720.996,202.8453,530228.0984
vldb-robustness-deep1-v2-final-20260713,d1793e26f5d532ef62f85c62918797601bd1e4a5882df6bc02310b5db9dd9213,2e60c6ea3bb3893b66cbce65cfdc5d82faab4a74fcc469fdeb7b5ff8dda34fb6,DEEP1M,coroutines,8,measure,1,10,10,8,10,200,uniform,1,l2,/home/kvgroup/chaomei/graphbeyond-vldb-closure-20260713/evidence/robustness_deep1_v2_final_20260713/deep1m_coroutines_8_measure_r1.json,/home/kvgroup/chaomei/graphbeyond-vldb-closure-20260713/evidence/robustness_deep1_v2_final_20260713/deep1m_coroutines_8_measure_r1.err,ok,10000,0.98907,18807.0,3921.54,4466.546,4722.336,202.8453,530228.0984
vldb-robustness-deep1-v2-final-20260713,d1793e26f5d532ef62f85c62918797601bd1e4a5882df6bc02310b5db9dd9213,2e60c6ea3bb3893b66cbce65cfdc5d82faab4a74fcc469fdeb7b5ff8dda34fb6,DEEP1M,coroutines,8,measure,2,10,10,8,10,200,uniform,1,l2,/home/kvgroup/chaomei/graphbeyond-vldb-closure-20260713/evidence/robustness_deep1_v2_final_20260713/deep1m_coroutines_8_measure_r2.json,/home/kvgroup/chaomei/graphbeyond-vldb-closure-20260713/evidence/robustness_deep1_v2_final_20260713/deep1m_coroutines_8_measure_r2.err,ok,10000,0.98907,19606.0,3927.333,4405.032,4642.285,202.8453,530228.0984
vldb-robustness-deep1-v2-final-20260713,d1793e26f5d532ef62f85c62918797601bd1e4a5882df6bc02310b5db9dd9213,2e60c6ea3bb3893b66cbce65cfdc5d82faab4a74fcc469fdeb7b5ff8dda34fb6,DEEP1M,coroutines,8,measure,3,10,10,8,10,200,uniform,1,l2,/home/kvgroup/chaomei/graphbeyond-vldb-closure-20260713/evidence/robustness_deep1_v2_final_20260713/deep1m_coroutines_8_measure_r3.json,/home/kvgroup/chaomei/graphbeyond-vldb-closure-20260713/evidence/robustness_deep1_v2_final_20260713/deep1m_coroutines_8_measure_r3.err,ok,10000,0.98907,19774.0,3891.6220000000003,4378.344,4754.85,202.8453,530228.0984
vldb-robustness-deep1-v2-final-20260713,d1793e26f5d532ef62f85c62918797601bd1e4a5882df6bc02310b5db9dd9213,2e60c6ea3bb3893b66cbce65cfdc5d82faab4a74fcc469fdeb7b5ff8dda34fb6,DEEP1M,coroutines,8,measure,4,10,10,8,10,200,uniform,1,l2,/home/kvgroup/chaomei/graphbeyond-vldb-closure-20260713/evidence/robustness_deep1_v2_final_20260713/deep1m_coroutines_8_measure_r4.json,/home/kvgroup/chaomei/graphbeyond-vldb-closure-20260713/evidence/robustness_deep1_v2_final_20260713/deep1m_coroutines_8_measure_r4.err,ok,10000,0.98907,16619.0,3993.871,4506.912,4814.861,202.8453,530228.0984
vldb-robustness-deep1-v2-final-20260713,7476306ec3757e1aae56b69e9b89113446e2f7d3f9b438d4ebe40ee49ba9eca1,2e60c6ea3bb3893b66cbce65cfdc5d82faab4a74fcc469fdeb7b5ff8dda34fb6,DEEP1M,coroutines,16,warmup,0,10,10,16,10,200,uniform,1,l2,/home/kvgroup/chaomei/graphbeyond-vldb-closure-20260713/evidence/robustness_deep1_v2_final_20260713/deep1m_coroutines_16_warmup_r0.json,/home/kvgroup/chaomei/graphbeyond-vldb-closure-20260713/evidence/robustness_deep1_v2_final_20260713/deep1m_coroutines_16_warmup_r0.err,ok,10000,0.98907,18371.0,8312.87,8997.826000000001,12934.702000000001,204.8453,530228.0984
vldb-robustness-deep1-v2-final-20260713,7476306ec3757e1aae56b69e9b89113446e2f7d3f9b438d4ebe40ee49ba9eca1,2e60c6ea3bb3893b66cbce65cfdc5d82faab4a74fcc469fdeb7b5ff8dda34fb6,DEEP1M,coroutines,16,measure,0,10,10,16,10,200,uniform,1,l2,/home/kvgroup/chaomei/graphbeyond-vldb-closure-20260713/evidence/robustness_deep1_v2_final_20260713/deep1m_coroutines_16_measure_r0.json,/home/kvgroup/chaomei/graphbeyond-vldb-closure-20260713/evidence/robustness_deep1_v2_final_20260713/deep1m_coroutines_16_measure_r0.err,ok,10000,0.98907,18586.0,8208.572,9099.636,13318.717,204.8453,530228.0984
vldb-robustness-deep1-v2-final-20260713,7476306ec3757e1aae56b69e9b89113446e2f7d3f9b438d4ebe40ee49ba9eca1,2e60c6ea3bb3893b66cbce65cfdc5d82faab4a74fcc469fdeb7b5ff8dda34fb6,DEEP1M,coroutines,16,measure,1,10,10,16,10,200,uniform,1,l2,/home/kvgroup/chaomei/graphbeyond-vldb-closure-20260713/evidence/robustness_deep1_v2_final_20260713/deep1m_coroutines_16_measure_r1.json,/home/kvgroup/chaomei/graphbeyond-vldb-closure-20260713/evidence/robustness_deep1_v2_final_20260713/deep1m_coroutines_16_measure_r1.err,ok,10000,0.98907,18522.0,8270.044,8936.418,13098.554,204.8453,530228.0984
vldb-robustness-deep1-v2-final-20260713,7476306ec3757e1aae56b69e9b89113446e2f7d3f9b438d4ebe40ee49ba9eca1,2e60c6ea3bb3893b66cbce65cfdc5d82faab4a74fcc469fdeb7b5ff8dda34fb6,DEEP1M,coroutines,16,measure,2,10,10,16,10,200,uniform,1,l2,/home/kvgroup/chaomei/graphbeyond-vldb-closure-20260713/evidence/robustness_deep1_v2_final_20260713/deep1m_coroutines_16_measure_r2.json,/home/kvgroup/chaomei/graphbeyond-vldb-closure-20260713/evidence/robustness_deep1_v2_final_20260713/deep1m_coroutines_16_measure_r2.err,ok,10000,0.98907,18295.0,8351.485,9037.257,12341.652,204.8453,530228.0984
vldb-robustness-deep1-v2-final-20260713,7476306ec3757e1aae56b69e9b89113446e2f7d3f9b438d4ebe40ee49ba9eca1,2e60c6ea3bb3893b66cbce65cfdc5d82faab4a74fcc469fdeb7b5ff8dda34fb6,DEEP1M,coroutines,16,measure,3,10,10,16,10,200,uniform,1,l2,/home/kvgroup/chaomei/graphbeyond-vldb-closure-20260713/evidence/robustness_deep1_v2_final_20260713/deep1m_coroutines_16_measure_r3.json,/home/kvgroup/chaomei/graphbeyond-vldb-closure-20260713/evidence/robustness_deep1_v2_final_20260713/deep1m_coroutines_16_measure_r3.err,ok,10000,0.98907,18261.0,8384.313,9055.103000000001,13768.325,204.8453,530228.0984
vldb-robustness-deep1-v2-final-20260713,7476306ec3757e1aae56b69e9b89113446e2f7d3f9b438d4ebe40ee49ba9eca1,2e60c6ea3bb3893b66cbce65cfdc5d82faab4a74fcc469fdeb7b5ff8dda34fb6,DEEP1M,coroutines,16,measure,4,10,10,16,10,200,uniform,1,l2,/home/kvgroup/chaomei/graphbeyond-vldb-closure-20260713/evidence/robustness_deep1_v2_final_20260713/deep1m_coroutines_16_measure_r4.json,/home/kvgroup/chaomei/graphbeyond-vldb-closure-20260713/evidence/robustness_deep1_v2_final_20260713/deep1m_coroutines_16_measure_r4.err,ok,10000,0.98907,18338.0,8317.874,9047.581,13476.453,204.8453,530228.0984
vldb-robustness-deep1-v2-final-20260713,54e371330f52a6744c60de16274f7a81e5da0ecab6c852e155ad52d766b1eaf9,2e60c6ea3bb3893b66cbce65cfdc5d82faab4a74fcc469fdeb7b5ff8dda34fb6,DEEP1M,top_k,1,warmup,0,10,10,2,1,200,uniform,1,l2,/home/kvgroup/chaomei/graphbeyond-vldb-closure-20260713/evidence/robustness_deep1_v2_final_20260713/deep1m_top_k_1_warmup_r0.json,/home/kvgroup/chaomei/graphbeyond-vldb-closure-20260713/evidence/robustness_deep1_v2_final_20260713/deep1m_top_k_1_warmup_r0.err,ok,10000,0.9939,11788.0,1672.355,1788.298,1847.222,201.8453,530228.0984
vldb-robustness-deep1-v2-final-20260713,54e371330f52a6744c60de16274f7a81e5da0ecab6c852e155ad52d766b1eaf9,2e60c6ea3bb3893b66cbce65cfdc5d82faab4a74fcc469fdeb7b5ff8dda34fb6,DEEP1M,top_k,1,measure,0,10,10,2,1,200,uniform,1,l2,/home/kvgroup/chaomei/graphbeyond-vldb-closure-20260713/evidence/robustness_deep1_v2_final_20260713/deep1m_top_k_1_measure_r0.json,/home/kvgroup/chaomei/graphbeyond-vldb-closure-20260713/evidence/robustness_deep1_v2_final_20260713/deep1m_top_k_1_measure_r0.err,ok,10000,0.9939,12154.0,1624.727,1723.835,1796.289,201.8453,530228.0984
vldb-robustness-deep1-v2-final-20260713,54e371330f52a6744c60de16274f7a81e5da0ecab6c852e155ad52d766b1eaf9,2e60c6ea3bb3893b66cbce65cfdc5d82faab4a74fcc469fdeb7b5ff8dda34fb6,DEEP1M,top_k,1,measure,1,10,10,2,1,200,uniform,1,l2,/home/kvgroup/chaomei/graphbeyond-vldb-closure-20260713/evidence/robustness_deep1_v2_final_20260713/deep1m_top_k_1_measure_r1.json,/home/kvgroup/chaomei/graphbeyond-vldb-closure-20260713/evidence/robustness_deep1_v2_final_20260713/deep1m_top_k_1_measure_r1.err,ok,10000,0.9939,11732.0,1681.381,1788.5910000000001,1859.0610000000001,201.8453,530228.0984
vldb-robustness-deep1-v2-final-20260713,54e371330f52a6744c60de16274f7a81e5da0ecab6c852e155ad52d766b1eaf9,2e60c6ea3bb3893b66cbce65cfdc5d82faab4a74fcc469fdeb7b5ff8dda34fb6,DEEP1M,top_k,1,measure,2,10,10,2,1,200,uniform,1,l2,/home/kvgroup/chaomei/graphbeyond-vldb-closure-20260713/evidence/robustness_deep1_v2_final_20260713/deep1m_top_k_1_measure_r2.json,/home/kvgroup/chaomei/graphbeyond-vldb-closure-20260713/evidence/robustness_deep1_v2_final_20260713/deep1m_top_k_1_measure_r2.err,ok,10000,0.9939,12179.0,1617.711,1724.164,1792.295,201.8453,530228.0984
vldb-robustness-deep1-v2-final-20260713,54e371330f52a6744c60de16274f7a81e5da0ecab6c852e155ad52d766b1eaf9,2e60c6ea3bb3893b66cbce65cfdc5d82faab4a74fcc469fdeb7b5ff8dda34fb6,DEEP1M,top_k,1,measure,3,10,10,2,1,200,uniform,1,l2,/home/kvgroup/chaomei/graphbeyond-vldb-closure-20260713/evidence/robustness_deep1_v2_final_20260713/deep1m_top_k_1_measure_r3.json,/home/kvgroup/chaomei/graphbeyond-vldb-closure-20260713/evidence/robustness_deep1_v2_final_20260713/deep1m_top_k_1_measure_r3.err,ok,10000,0.9939,11780.0,1675.803,1783.583,1870.694,201.8453,530228.0984
vldb-robustness-deep1-v2-final-20260713,54e371330f52a6744c60de16274f7a81e5da0ecab6c852e155ad52d766b1eaf9,2e60c6ea3bb3893b66cbce65cfdc5d82faab4a74fcc469fdeb7b5ff8dda34fb6,DEEP1M,top_k,1,measure,4,10,10,2,1,200,uniform,1,l2,/home/kvgroup/chaomei/graphbeyond-vldb-closure-20260713/evidence/robustness_deep1_v2_final_20260713/deep1m_top_k_1_measure_r4.json,/home/kvgroup/chaomei/graphbeyond-vldb-closure-20260713/evidence/robustness_deep1_v2_final_20260713/deep1m_top_k_1_measure_r4.err,ok,10000,0.9939,11802.0,1673.547,1783.5620000000001,1857.344,201.8453,530228.0984
vldb-robustness-deep1-v2-final-20260713,8f3f05d8b700a2ab067b7bcbbdd8033e38a91713d8a75c72dc98ad40153fe18d,2e60c6ea3bb3893b66cbce65cfdc5d82faab4a74fcc469fdeb7b5ff8dda34fb6,DEEP1M,top_k,10,warmup,0,10,10,2,10,200,uniform,1,l2,/home/kvgroup/chaomei/graphbeyond-vldb-closure-20260713/evidence/robustness_deep1_v2_final_20260713/deep1m_top_k_10_warmup_r0.json,/home/kvgroup/chaomei/graphbeyond-vldb-closure-20260713/evidence/robustness_deep1_v2_final_20260713/deep1m_top_k_10_warmup_r0.err,ok,10000,0.98907,11794.0,1672.218,1778.598,1849.529,201.8453,530228.0984
vldb-robustness-deep1-v2-final-20260713,8f3f05d8b700a2ab067b7bcbbdd8033e38a91713d8a75c72dc98ad40153fe18d,2e60c6ea3bb3893b66cbce65cfdc5d82faab4a74fcc469fdeb7b5ff8dda34fb6,DEEP1M,top_k,10,measure,0,10,10,2,10,200,uniform,1,l2,/home/kvgroup/chaomei/graphbeyond-vldb-closure-20260713/evidence/robustness_deep1_v2_final_20260713/deep1m_top_k_10_measure_r0.json,/home/kvgroup/chaomei/graphbeyond-vldb-closure-20260713/evidence/robustness_deep1_v2_final_20260713/deep1m_top_k_10_measure_r0.err,ok,10000,0.98907,11780.0,1677.528,1773.528,1844.2440000000001,201.8453,530228.0984
vldb-robustness-deep1-v2-final-20260713,8f3f05d8b700a2ab067b7bcbbdd8033e38a91713d8a75c72dc98ad40153fe18d,2e60c6ea3bb3893b66cbce65cfdc5d82faab4a74fcc469fdeb7b5ff8dda34fb6,DEEP1M,top_k,10,measure,1,10,10,2,10,200,uniform,1,l2,/home/kvgroup/chaomei/graphbeyond-vldb-closure-20260713/evidence/robustness_deep1_v2_final_20260713/deep1m_top_k_10_measure_r1.json,/home/kvgroup/chaomei/graphbeyond-vldb-closure-20260713/evidence/robustness_deep1_v2_final_20260713/deep1m_top_k_10_measure_r1.err,ok,10000,0.98907,11819.0,1675.096,1765.56,1832.628,201.8453,530228.0984
vldb-robustness-deep1-v2-final-20260713,8f3f05d8b700a2ab067b7bcbbdd8033e38a91713d8a75c72dc98ad40153fe18d,2e60c6ea3bb3893b66cbce65cfdc5d82faab4a74fcc469fdeb7b5ff8dda34fb6,DEEP1M,top_k,10,measure,2,10,10,2,10,200,uniform,1,l2,/home/kvgroup/chaomei/graphbeyond-vldb-closure-20260713/evidence/robustness_deep1_v2_final_20260713/deep1m_top_k_10_measure_r2.json,/home/kvgroup/chaomei/graphbeyond-vldb-closure-20260713/evidence/robustness_deep1_v2_final_20260713/deep1m_top_k_10_measure_r2.err,ok,10000,0.98907,12146.0,1623.339,1731.6480000000001,1790.386,201.8453,530228.0984
vldb-robustness-deep1-v2-final-20260713,8f3f05d8b700a2ab067b7bcbbdd8033e38a91713d8a75c72dc98ad40153fe18d,2e60c6ea3bb3893b66cbce65cfdc5d82faab4a74fcc469fdeb7b5ff8dda34fb6,DEEP1M,top_k,10,measure,3,10,10,2,10,200,uniform,1,l2,/home/kvgroup/chaomei/graphbeyond-vldb-closure-20260713/evidence/robustness_deep1_v2_final_20260713/deep1m_top_k_10_measure_r3.json,/home/kvgroup/chaomei/graphbeyond-vldb-closure-20260713/evidence/robustness_deep1_v2_final_20260713/deep1m_top_k_10_measure_r3.err,ok,10000,0.98907,12196.0,1618.857,1713.307,1796.25,201.8453,530228.0984
vldb-robustness-deep1-v2-final-20260713,8f3f05d8b700a2ab067b7bcbbdd8033e38a91713d8a75c72dc98ad40153fe18d,2e60c6ea3bb3893b66cbce65cfdc5d82faab4a74fcc469fdeb7b5ff8dda34fb6,DEEP1M,top_k,10,measure,4,10,10,2,10,200,uniform,1,l2,/home/kvgroup/chaomei/graphbeyond-vldb-closure-20260713/evidence/robustness_deep1_v2_final_20260713/deep1m_top_k_10_measure_r4.json,/home/kvgroup/chaomei/graphbeyond-vldb-closure-20260713/evidence/robustness_deep1_v2_final_20260713/deep1m_top_k_10_measure_r4.err,ok,10000,0.98907,11722.0,1683.739,1789.26,1865.698,201.8453,530228.0984
vldb-robustness-deep1-v2-final-20260713,1613cdcc5141b83b155bcc949639760a70faedc4fc58162abe89743174929684,2e60c6ea3bb3893b66cbce65cfdc5d82faab4a74fcc469fdeb7b5ff8dda34fb6,DEEP1M,top_k,50,warmup,0,10,10,2,50,200,uniform,1,l2,/home/kvgroup/chaomei/graphbeyond-vldb-closure-20260713/evidence/robustness_deep1_v2_final_20260713/deep1m_top_k_50_warmup_r0.json,/home/kvgroup/chaomei/graphbeyond-vldb-closure-20260713/evidence/robustness_deep1_v2_final_20260713/deep1m_top_k_50_warmup_r0.err,ok,10000,0.975276,12222.0,1616.4180000000001,1706.439,1783.04,201.8453,530228.0984
vldb-robustness-deep1-v2-final-20260713,1613cdcc5141b83b155bcc949639760a70faedc4fc58162abe89743174929684,2e60c6ea3bb3893b66cbce65cfdc5d82faab4a74fcc469fdeb7b5ff8dda34fb6,DEEP1M,top_k,50,measure,0,10,10,2,50,200,uniform,1,l2,/home/kvgroup/chaomei/graphbeyond-vldb-closure-20260713/evidence/robustness_deep1_v2_final_20260713/deep1m_top_k_50_measure_r0.json,/home/kvgroup/chaomei/graphbeyond-vldb-closure-20260713/evidence/robustness_deep1_v2_final_20260713/deep1m_top_k_50_measure_r0.err,ok,10000,0.975276,12071.0,1633.765,1745.576,1813.0720000000001,201.8453,530228.0984
vldb-robustness-deep1-v2-final-20260713,1613cdcc5141b83b155bcc949639760a70faedc4fc58162abe89743174929684,2e60c6ea3bb3893b66cbce65cfdc5d82faab4a74fcc469fdeb7b5ff8dda34fb6,DEEP1M,top_k,50,measure,1,10,10,2,50,200,uniform,1,l2,/home/kvgroup/chaomei/graphbeyond-vldb-closure-20260713/evidence/robustness_deep1_v2_final_20260713/deep1m_top_k_50_measure_r1.json,/home/kvgroup/chaomei/graphbeyond-vldb-closure-20260713/evidence/robustness_deep1_v2_final_20260713/deep1m_top_k_50_measure_r1.err,ok,10000,0.975276,11861.0,1664.32,1768.534,1851.705,201.8453,530228.0984
vldb-robustness-deep1-v2-final-20260713,1613cdcc5141b83b155bcc949639760a70faedc4fc58162abe89743174929684,2e60c6ea3bb3893b66cbce65cfdc5d82faab4a74fcc469fdeb7b5ff8dda34fb6,DEEP1M,top_k,50,measure,2,10,10,2,50,200,uniform,1,l2,/home/kvgroup/chaomei/graphbeyond-vldb-closure-20260713/evidence/robustness_deep1_v2_final_20260713/deep1m_top_k_50_measure_r2.json,/home/kvgroup/chaomei/graphbeyond-vldb-closure-20260713/evidence/robustness_deep1_v2_final_20260713/deep1m_top_k_50_measure_r2.err,ok,10000,0.975276,11670.0,1680.4660000000001,1784.688,1900.971,201.8453,530228.0984
vldb-robustness-deep1-v2-final-20260713,1613cdcc5141b83b155bcc949639760a70faedc4fc58162abe89743174929684,2e60c6ea3bb3893b66cbce65cfdc5d82faab4a74fcc469fdeb7b5ff8dda34fb6,DEEP1M,top_k,50,measure,3,10,10,2,50,200,uniform,1,l2,/home/kvgroup/chaomei/graphbeyond-vldb-closure-20260713/evidence/robustness_deep1_v2_final_20260713/deep1m_top_k_50_measure_r3.json,/home/kvgroup/chaomei/graphbeyond-vldb-closure-20260713/evidence/robustness_deep1_v2_final_20260713/deep1m_top_k_50_measure_r3.err,ok,10000,0.975276,12208.0,1618.681,1707.663,1783.742,201.8453,530228.0984
vldb-robustness-deep1-v2-final-20260713,1613cdcc5141b83b155bcc949639760a70faedc4fc58162abe89743174929684,2e60c6ea3bb3893b66cbce65cfdc5d82faab4a74fcc469fdeb7b5ff8dda34fb6,DEEP1M,top_k,50,measure,4,10,10,2,50,200,uniform,1,l2,/home/kvgroup/chaomei/graphbeyond-vldb-closure-20260713/evidence/robustness_deep1_v2_final_20260713/deep1m_top_k_50_measure_r4.json,/home/kvgroup/chaomei/graphbeyond-vldb-closure-20260713/evidence/robustness_deep1_v2_final_20260713/deep1m_top_k_50_measure_r4.err,ok,10000,0.975276,12119.0,1631.256,1723.1390000000001,1801.825,201.8453,530228.0984
vldb-robustness-deep1-v2-final-20260713,289559eee2b16ac16d23e55e2837ac4651635ee5f66de99801a5a95267e16a8d,2e60c6ea3bb3893b66cbce65cfdc5d82faab4a74fcc469fdeb7b5ff8dda34fb6,DEEP1M,top_k,100,warmup,0,10,10,2,100,200,uniform,1,l2,/home/kvgroup/chaomei/graphbeyond-vldb-closure-20260713/evidence/robustness_deep1_v2_final_20260713/deep1m_top_k_100_warmup_r0.json,/home/kvgroup/chaomei/graphbeyond-vldb-closure-20260713/evidence/robustness_deep1_v2_final_20260713/deep1m_top_k_100_warmup_r0.err,ok,10000,0.95455,11786.0,1673.6490000000001,1773.68,1864.796,201.8453,530228.0984
vldb-robustness-deep1-v2-final-20260713,289559eee2b16ac16d23e55e2837ac4651635ee5f66de99801a5a95267e16a8d,2e60c6ea3bb3893b66cbce65cfdc5d82faab4a74fcc469fdeb7b5ff8dda34fb6,DEEP1M,top_k,100,measure,0,10,10,2,100,200,uniform,1,l2,/home/kvgroup/chaomei/graphbeyond-vldb-closure-20260713/evidence/robustness_deep1_v2_final_20260713/deep1m_top_k_100_measure_r0.json,/home/kvgroup/chaomei/graphbeyond-vldb-closure-20260713/evidence/robustness_deep1_v2_final_20260713/deep1m_top_k_100_measure_r0.err,ok,10000,0.95455,11783.0,1676.885,1780.3410000000001,1851.4850000000001,201.8453,530228.0984
vldb-robustness-deep1-v2-final-20260713,289559eee2b16ac16d23e55e2837ac4651635ee5f66de99801a5a95267e16a8d,2e60c6ea3bb3893b66cbce65cfdc5d82faab4a74fcc469fdeb7b5ff8dda34fb6,DEEP1M,top_k,100,measure,1,10,10,2,100,200,uniform,1,l2,/home/kvgroup/chaomei/graphbeyond-vldb-closure-20260713/evidence/robustness_deep1_v2_final_20260713/deep1m_top_k_100_measure_r1.json,/home/kvgroup/chaomei/graphbeyond-vldb-closure-20260713/evidence/robustness_deep1_v2_final_20260713/deep1m_top_k_100_measure_r1.err,ok,10000,0.95455,11677.0,1681.036,1786.185,1903.817,201.8453,530228.0984
vldb-robustness-deep1-v2-final-20260713,289559eee2b16ac16d23e55e2837ac4651635ee5f66de99801a5a95267e16a8d,2e60c6ea3bb3893b66cbce65cfdc5d82faab4a74fcc469fdeb7b5ff8dda34fb6,DEEP1M,top_k,100,measure,2,10,10,2,100,200,uniform,1,l2,/home/kvgroup/chaomei/graphbeyond-vldb-closure-20260713/evidence/robustness_deep1_v2_final_20260713/deep1m_top_k_100_measure_r2.json,/home/kvgroup/chaomei/graphbeyond-vldb-closure-20260713/evidence/robustness_deep1_v2_final_20260713/deep1m_top_k_100_measure_r2.err,ok,10000,0.95455,11773.0,1677.287,1781.642,1858.305,201.8453,530228.0984
vldb-robustness-deep1-v2-final-20260713,289559eee2b16ac16d23e55e2837ac4651635ee5f66de99801a5a95267e16a8d,2e60c6ea3bb3893b66cbce65cfdc5d82faab4a74fcc469fdeb7b5ff8dda34fb6,DEEP1M,top_k,100,measure,3,10,10,2,100,200,uniform,1,l2,/home/kvgroup/chaomei/graphbeyond-vldb-closure-20260713/evidence/robustness_deep1_v2_final_20260713/deep1m_top_k_100_measure_r3.json,/home/kvgroup/chaomei/graphbeyond-vldb-closure-20260713/evidence/robustness_deep1_v2_final_20260713/deep1m_top_k_100_measure_r3.err,ok,10000,0.95455,11784.0,1676.431,1767.392,1847.973,201.8453,530228.0984
vldb-robustness-deep1-v2-final-20260713,289559eee2b16ac16d23e55e2837ac4651635ee5f66de99801a5a95267e16a8d,2e60c6ea3bb3893b66cbce65cfdc5d82faab4a74fcc469fdeb7b5ff8dda34fb6,DEEP1M,top_k,100,measure,4,10,10,2,100,200,uniform,1,l2,/home/kvgroup/chaomei/graphbeyond-vldb-closure-20260713/evidence/robustness_deep1_v2_final_20260713/deep1m_top_k_100_measure_r4.json,/home/kvgroup/chaomei/graphbeyond-vldb-closure-20260713/evidence/robustness_deep1_v2_final_20260713/deep1m_top_k_100_measure_r4.err,ok,10000,0.95455,11795.0,1672.78,1779.472,1847.963,201.8453,530228.0984
vldb-robustness-deep1-v2-final-20260713,98619aa6932245b759b63e79d8a46a9466e4c372fba4dacbfa140b4d43b4073e,2e60c6ea3bb3893b66cbce65cfdc5d82faab4a74fcc469fdeb7b5ff8dda34fb6,DEEP1M,query_distribution,uniform,warmup,0,10,10,2,10,200,uniform,1,l2,/home/kvgroup/chaomei/graphbeyond-vldb-closure-20260713/evidence/robustness_deep1_v2_final_20260713/deep1m_query_distribution_uniform_warmup_r0.json,/home/kvgroup/chaomei/graphbeyond-vldb-closure-20260713/evidence/robustness_deep1_v2_final_20260713/deep1m_query_distribution_uniform_warmup_r0.err,ok,10000,0.98907,11845.0,1665.964,1774.182,1841.884,201.8453,530228.0984
vldb-robustness-deep1-v2-final-20260713,98619aa6932245b759b63e79d8a46a9466e4c372fba4dacbfa140b4d43b4073e,2e60c6ea3bb3893b66cbce65cfdc5d82faab4a74fcc469fdeb7b5ff8dda34fb6,DEEP1M,query_distribution,uniform,measure,0,10,10,2,10,200,uniform,1,l2,/home/kvgroup/chaomei/graphbeyond-vldb-closure-20260713/evidence/robustness_deep1_v2_final_20260713/deep1m_query_distribution_uniform_measure_r0.json,/home/kvgroup/chaomei/graphbeyond-vldb-closure-20260713/evidence/robustness_deep1_v2_final_20260713/deep1m_query_distribution_uniform_measure_r0.err,ok,10000,0.98907,11866.0,1663.806,1766.08,1832.916,201.8453,530228.0984
vldb-robustness-deep1-v2-final-20260713,98619aa6932245b759b63e79d8a46a9466e4c372fba4dacbfa140b4d43b4073e,2e60c6ea3bb3893b66cbce65cfdc5d82faab4a74fcc469fdeb7b5ff8dda34fb6,DEEP1M,query_distribution,uniform,measure,1,10,10,2,10,200,uniform,1,l2,/home/kvgroup/chaomei/graphbeyond-vldb-closure-20260713/evidence/robustness_deep1_v2_final_20260713/deep1m_query_distribution_uniform_measure_r1.json,/home/kvgroup/chaomei/graphbeyond-vldb-closure-20260713/evidence/robustness_deep1_v2_final_20260713/deep1m_query_distribution_uniform_measure_r1.err,ok,10000,0.98907,11863.0,1665.833,1752.573,1820.588,201.8453,530228.0984
vldb-robustness-deep1-v2-final-20260713,98619aa6932245b759b63e79d8a46a9466e4c372fba4dacbfa140b4d43b4073e,2e60c6ea3bb3893b66cbce65cfdc5d82faab4a74fcc469fdeb7b5ff8dda34fb6,DEEP1M,query_distribution,uniform,measure,2,10,10,2,10,200,uniform,1,l2,/home/kvgroup/chaomei/graphbeyond-vldb-closure-20260713/evidence/robustness_deep1_v2_final_20260713/deep1m_query_distribution_uniform_measure_r2.json,/home/kvgroup/chaomei/graphbeyond-vldb-closure-20260713/evidence/robustness_deep1_v2_final_20260713/deep1m_query_distribution_uniform_measure_r2.err,ok,10000,0.98907,12182.0,1612.203,1738.002,1818.973,201.8453,530228.0984
vldb-robustness-deep1-v2-final-20260713,98619aa6932245b759b63e79d8a46a9466e4c372fba4dacbfa140b4d43b4073e,2e60c6ea3bb3893b66cbce65cfdc5d82faab4a74fcc469fdeb7b5ff8dda34fb6,DEEP1M,query_distribution,uniform,measure,3,10,10,2,10,200,uniform,1,l2,/home/kvgroup/chaomei/graphbeyond-vldb-closure-20260713/evidence/robustness_deep1_v2_final_20260713/deep1m_query_distribution_uniform_measure_r3.json,/home/kvgroup/chaomei/graphbeyond-vldb-closure-20260713/evidence/robustness_deep1_v2_final_20260713/deep1m_query_distribution_uniform_measure_r3.err,ok,10000,0.98907,12323.0,1602.348,1697.282,1741.276,201.8453,530228.0984
vldb-robustness-deep1-v2-final-20260713,98619aa6932245b759b63e79d8a46a9466e4c372fba4dacbfa140b4d43b4073e,2e60c6ea3bb3893b66cbce65cfdc5d82faab4a74fcc469fdeb7b5ff8dda34fb6,DEEP1M,query_distribution,uniform,measure,4,10,10,2,10,200,uniform,1,l2,/home/kvgroup/chaomei/graphbeyond-vldb-closure-20260713/evidence/robustness_deep1_v2_final_20260713/deep1m_query_distribution_uniform_measure_r4.json,/home/kvgroup/chaomei/graphbeyond-vldb-closure-20260713/evidence/robustness_deep1_v2_final_20260713/deep1m_query_distribution_uniform_measure_r4.err,ok,10000,0.98907,12202.0,1609.42,1731.593,1802.944,201.8453,530228.0984
vldb-robustness-deep1-v2-final-20260713,3429f5de727bf595dda9b775a485d77b38f11907f914d032d00751c271bbe036,2e60c6ea3bb3893b66cbce65cfdc5d82faab4a74fcc469fdeb7b5ff8dda34fb6,DEEP1M,query_distribution,zipf1.0,warmup,0,10,10,2,10,200,a1.0-n10000,1,l2,/home/kvgroup/chaomei/graphbeyond-vldb-closure-20260713/evidence/robustness_deep1_v2_final_20260713/deep1m_query_distribution_zipf1.0_warmup_r0.json,/home/kvgroup/chaomei/graphbeyond-vldb-closure-20260713/evidence/robustness_deep1_v2_final_20260713/deep1m_query_distribution_zipf1.0_warmup_r0.err,ok,10000,0.99294,12232.0,1610.598,1718.681,1775.714,202.0105,528872.3384
vldb-robustness-deep1-v2-final-20260713,3429f5de727bf595dda9b775a485d77b38f11907f914d032d00751c271bbe036,2e60c6ea3bb3893b66cbce65cfdc5d82faab4a74fcc469fdeb7b5ff8dda34fb6,DEEP1M,query_distribution,zipf1.0,measure,0,10,10,2,10,200,a1.0-n10000,1,l2,/home/kvgroup/chaomei/graphbeyond-vldb-closure-20260713/evidence/robustness_deep1_v2_final_20260713/deep1m_query_distribution_zipf1.0_measure_r0.json,/home/kvgroup/chaomei/graphbeyond-vldb-closure-20260713/evidence/robustness_deep1_v2_final_20260713/deep1m_query_distribution_zipf1.0_measure_r0.err,ok,10000,0.99294,12145.0,1624.781,1729.713,1804.933,202.0105,528872.3384
vldb-robustness-deep1-v2-final-20260713,3429f5de727bf595dda9b775a485d77b38f11907f914d032d00751c271bbe036,2e60c6ea3bb3893b66cbce65cfdc5d82faab4a74fcc469fdeb7b5ff8dda34fb6,DEEP1M,query_distribution,zipf1.0,measure,1,10,10,2,10,200,a1.0-n10000,1,l2,/home/kvgroup/chaomei/graphbeyond-vldb-closure-20260713/evidence/robustness_deep1_v2_final_20260713/deep1m_query_distribution_zipf1.0_measure_r1.json,/home/kvgroup/chaomei/graphbeyond-vldb-closure-20260713/evidence/robustness_deep1_v2_final_20260713/deep1m_query_distribution_zipf1.0_measure_r1.err,ok,10000,0.99294,12280.0,1606.6770000000001,1704.5230000000001,1756.364,202.0105,528872.3384
vldb-robustness-deep1-v2-final-20260713,3429f5de727bf595dda9b775a485d77b38f11907f914d032d00751c271bbe036,2e60c6ea3bb3893b66cbce65cfdc5d82faab4a74fcc469fdeb7b5ff8dda34fb6,DEEP1M,query_distribution,zipf1.0,measure,2,10,10,2,10,200,a1.0-n10000,1,l2,/home/kvgroup/chaomei/graphbeyond-vldb-closure-20260713/evidence/robustness_deep1_v2_final_20260713/deep1m_query_distribution_zipf1.0_measure_r2.json,/home/kvgroup/chaomei/graphbeyond-vldb-closure-20260713/evidence/robustness_deep1_v2_final_20260713/deep1m_query_distribution_zipf1.0_measure_r2.err,ok,10000,0.99294,12291.0,1603.131,1719.53,1800.0710000000001,202.0105,528872.3384
vldb-robustness-deep1-v2-final-20260713,3429f5de727bf595dda9b775a485d77b38f11907f914d032d00751c271bbe036,2e60c6ea3bb3893b66cbce65cfdc5d82faab4a74fcc469fdeb7b5ff8dda34fb6,DEEP1M,query_distribution,zipf1.0,measure,3,10,10,2,10,200,a1.0-n10000,1,l2,/home/kvgroup/chaomei/graphbeyond-vldb-closure-20260713/evidence/robustness_deep1_v2_final_20260713/deep1m_query_distribution_zipf1.0_measure_r3.json,/home/kvgroup/chaomei/graphbeyond-vldb-closure-20260713/evidence/robustness_deep1_v2_final_20260713/deep1m_query_distribution_zipf1.0_measure_r3.err,ok,10000,0.99294,12204.0,1604.5900000000001,1718.267,1858.469,202.0105,528872.3384
vldb-robustness-deep1-v2-final-20260713,3429f5de727bf595dda9b775a485d77b38f11907f914d032d00751c271bbe036,2e60c6ea3bb3893b66cbce65cfdc5d82faab4a74fcc469fdeb7b5ff8dda34fb6,DEEP1M,query_distribution,zipf1.0,measure,4,10,10,2,10,200,a1.0-n10000,1,l2,/home/kvgroup/chaomei/graphbeyond-vldb-closure-20260713/evidence/robustness_deep1_v2_final_20260713/deep1m_query_distribution_zipf1.0_measure_r4.json,/home/kvgroup/chaomei/graphbeyond-vldb-closure-20260713/evidence/robustness_deep1_v2_final_20260713/deep1m_query_distribution_zipf1.0_measure_r4.err,ok,10000,0.99294,12326.0,1599.069,1697.4470000000001,1770.726,202.0105,528872.3384
vldb-robustness-deep1-v2-final-20260713,ab3656edf6cec6dda3801a155b0af1ad9fedb3cfb5628e20d1a45cfcc01a6d2c,2e60c6ea3bb3893b66cbce65cfdc5d82faab4a74fcc469fdeb7b5ff8dda34fb6,DEEP1M,latency_instrumentation,off,warmup,0,10,10,2,10,200,uniform,0,l2,/home/kvgroup/chaomei/graphbeyond-vldb-closure-20260713/evidence/robustness_deep1_v2_final_20260713/deep1m_latency_instrumentation_off_warmup_r0.json,/home/kvgroup/chaomei/graphbeyond-vldb-closure-20260713/evidence/robustness_deep1_v2_final_20260713/deep1m_latency_instrumentation_off_warmup_r0.err,ok,10000,0.98907,12244.0,,,,201.8453,530228.0984
vldb-robustness-deep1-v2-final-20260713,ab3656edf6cec6dda3801a155b0af1ad9fedb3cfb5628e20d1a45cfcc01a6d2c,2e60c6ea3bb3893b66cbce65cfdc5d82faab4a74fcc469fdeb7b5ff8dda34fb6,DEEP1M,latency_instrumentation,off,measure,0,10,10,2,10,200,uniform,0,l2,/home/kvgroup/chaomei/graphbeyond-vldb-closure-20260713/evidence/robustness_deep1_v2_final_20260713/deep1m_latency_instrumentation_off_measure_r0.json,/home/kvgroup/chaomei/graphbeyond-vldb-closure-20260713/evidence/robustness_deep1_v2_final_20260713/deep1m_latency_instrumentation_off_measure_r0.err,ok,10000,0.98907,11873.0,,,,201.8453,530228.0984
vldb-robustness-deep1-v2-final-20260713,ab3656edf6cec6dda3801a155b0af1ad9fedb3cfb5628e20d1a45cfcc01a6d2c,2e60c6ea3bb3893b66cbce65cfdc5d82faab4a74fcc469fdeb7b5ff8dda34fb6,DEEP1M,latency_instrumentation,off,measure,1,10,10,2,10,200,uniform,0,l2,/home/kvgroup/chaomei/graphbeyond-vldb-closure-20260713/evidence/robustness_deep1_v2_final_20260713/deep1m_latency_instrumentation_off_measure_r1.json,/home/kvgroup/chaomei/graphbeyond-vldb-closure-20260713/evidence/robustness_deep1_v2_final_20260713/deep1m_latency_instrumentation_off_measure_r1.err,ok,10000,0.98907,12186.0,,,,201.8453,530228.0984
vldb-robustness-deep1-v2-final-20260713,ab3656edf6cec6dda3801a155b0af1ad9fedb3cfb5628e20d1a45cfcc01a6d2c,2e60c6ea3bb3893b66cbce65cfdc5d82faab4a74fcc469fdeb7b5ff8dda34fb6,DEEP1M,latency_instrumentation,off,measure,2,10,10,2,10,200,uniform,0,l2,/home/kvgroup/chaomei/graphbeyond-vldb-closure-20260713/evidence/robustness_deep1_v2_final_20260713/deep1m_latency_instrumentation_off_measure_r2.json,/home/kvgroup/chaomei/graphbeyond-vldb-closure-20260713/evidence/robustness_deep1_v2_final_20260713/deep1m_latency_instrumentation_off_measure_r2.err,ok,10000,0.98907,11810.0,,,,201.8453,530228.0984
vldb-robustness-deep1-v2-final-20260713,ab3656edf6cec6dda3801a155b0af1ad9fedb3cfb5628e20d1a45cfcc01a6d2c,2e60c6ea3bb3893b66cbce65cfdc5d82faab4a74fcc469fdeb7b5ff8dda34fb6,DEEP1M,latency_instrumentation,off,measure,3,10,10,2,10,200,uniform,0,l2,/home/kvgroup/chaomei/graphbeyond-vldb-closure-20260713/evidence/robustness_deep1_v2_final_20260713/deep1m_latency_instrumentation_off_measure_r3.json,/home/kvgroup/chaomei/graphbeyond-vldb-closure-20260713/evidence/robustness_deep1_v2_final_20260713/deep1m_latency_instrumentation_off_measure_r3.err,ok,10000,0.98907,11881.0,,,,201.8453,530228.0984
vldb-robustness-deep1-v2-final-20260713,ab3656edf6cec6dda3801a155b0af1ad9fedb3cfb5628e20d1a45cfcc01a6d2c,2e60c6ea3bb3893b66cbce65cfdc5d82faab4a74fcc469fdeb7b5ff8dda34fb6,DEEP1M,latency_instrumentation,off,measure,4,10,10,2,10,200,uniform,0,l2,/home/kvgroup/chaomei/graphbeyond-vldb-closure-20260713/evidence/robustness_deep1_v2_final_20260713/deep1m_latency_instrumentation_off_measure_r4.json,/home/kvgroup/chaomei/graphbeyond-vldb-closure-20260713/evidence/robustness_deep1_v2_final_20260713/deep1m_latency_instrumentation_off_measure_r4.err,ok,10000,0.98907,11884.0,,,,201.8453,530228.0984
vldb-robustness-deep1-v2-final-20260713,8c9e1d47c5551bb209c600a598d122a64c4de3bf1463005aad5df4a772e65a14,2e60c6ea3bb3893b66cbce65cfdc5d82faab4a74fcc469fdeb7b5ff8dda34fb6,DEEP1M,latency_instrumentation,on,warmup,0,10,10,2,10,200,uniform,1,l2,/home/kvgroup/chaomei/graphbeyond-vldb-closure-20260713/evidence/robustness_deep1_v2_final_20260713/deep1m_latency_instrumentation_on_warmup_r0.json,/home/kvgroup/chaomei/graphbeyond-vldb-closure-20260713/evidence/robustness_deep1_v2_final_20260713/deep1m_latency_instrumentation_on_warmup_r0.err,ok,10000,0.98907,11840.0,1664.25,1769.66,1843.178,201.8453,530228.0984
vldb-robustness-deep1-v2-final-20260713,8c9e1d47c5551bb209c600a598d122a64c4de3bf1463005aad5df4a772e65a14,2e60c6ea3bb3893b66cbce65cfdc5d82faab4a74fcc469fdeb7b5ff8dda34fb6,DEEP1M,latency_instrumentation,on,measure,0,10,10,2,10,200,uniform,1,l2,/home/kvgroup/chaomei/graphbeyond-vldb-closure-20260713/evidence/robustness_deep1_v2_final_20260713/deep1m_latency_instrumentation_on_measure_r0.json,/home/kvgroup/chaomei/graphbeyond-vldb-closure-20260713/evidence/robustness_deep1_v2_final_20260713/deep1m_latency_instrumentation_on_measure_r0.err,ok,10000,0.98907,12327.0,1599.5040000000001,1703.393,1772.863,201.8453,530228.0984
vldb-robustness-deep1-v2-final-20260713,8c9e1d47c5551bb209c600a598d122a64c4de3bf1463005aad5df4a772e65a14,2e60c6ea3bb3893b66cbce65cfdc5d82faab4a74fcc469fdeb7b5ff8dda34fb6,DEEP1M,latency_instrumentation,on,measure,1,10,10,2,10,200,uniform,1,l2,/home/kvgroup/chaomei/graphbeyond-vldb-closure-20260713/evidence/robustness_deep1_v2_final_20260713/deep1m_latency_instrumentation_on_measure_r1.json,/home/kvgroup/chaomei/graphbeyond-vldb-closure-20260713/evidence/robustness_deep1_v2_final_20260713/deep1m_latency_instrumentation_on_measure_r1.err,ok,10000,0.98907,12197.0,1615.064,1723.5430000000001,1783.242,201.8453,530228.0984
vldb-robustness-deep1-v2-final-20260713,8c9e1d47c5551bb209c600a598d122a64c4de3bf1463005aad5df4a772e65a14,2e60c6ea3bb3893b66cbce65cfdc5d82faab4a74fcc469fdeb7b5ff8dda34fb6,DEEP1M,latency_instrumentation,on,measure,2,10,10,2,10,200,uniform,1,l2,/home/kvgroup/chaomei/graphbeyond-vldb-closure-20260713/evidence/robustness_deep1_v2_final_20260713/deep1m_latency_instrumentation_on_measure_r2.json,/home/kvgroup/chaomei/graphbeyond-vldb-closure-20260713/evidence/robustness_deep1_v2_final_20260713/deep1m_latency_instrumentation_on_measure_r2.err,ok,10000,0.98907,12252.0,1611.173,1711.832,1771.5720000000001,201.8453,530228.0984
vldb-robustness-deep1-v2-final-20260713,8c9e1d47c5551bb209c600a598d122a64c4de3bf1463005aad5df4a772e65a14,2e60c6ea3bb3893b66cbce65cfdc5d82faab4a74fcc469fdeb7b5ff8dda34fb6,DEEP1M,latency_instrumentation,on,measure,3,10,10,2,10,200,uniform,1,l2,/home/kvgroup/chaomei/graphbeyond-vldb-closure-20260713/evidence/robustness_deep1_v2_final_20260713/deep1m_latency_instrumentation_on_measure_r3.json,/home/kvgroup/chaomei/graphbeyond-vldb-closure-20260713/evidence/robustness_deep1_v2_final_20260713/deep1m_latency_instrumentation_on_measure_r3.err,ok,10000,0.98907,12204.0,1616.419,1715.053,1783.856,201.8453,530228.0984
vldb-robustness-deep1-v2-final-20260713,8c9e1d47c5551bb209c600a598d122a64c4de3bf1463005aad5df4a772e65a14,2e60c6ea3bb3893b66cbce65cfdc5d82faab4a74fcc469fdeb7b5ff8dda34fb6,DEEP1M,latency_instrumentation,on,measure,4,10,10,2,10,200,uniform,1,l2,/home/kvgroup/chaomei/graphbeyond-vldb-closure-20260713/evidence/robustness_deep1_v2_final_20260713/deep1m_latency_instrumentation_on_measure_r4.json,/home/kvgroup/chaomei/graphbeyond-vldb-closure-20260713/evidence/robustness_deep1_v2_final_20260713/deep1m_latency_instrumentation_on_measure_r4.err,ok,10000,0.98907,11839.0,1666.97,1774.108,1840.1960000000001,201.8453,530228.0984
